Nr/ Br,Kodi i Komunes Opstinski Kod,Komuna/Opstina,Qendra e Votimit 2014 Biracki Centar 2014,Qyteti/Vendi Grad/Mesto,Lokacioni detal,Detaljna Lokacija,,
1,1,Deçan/Dečani,0101c,Deçan/Dečani,"Shkolla ""Vëllezërit Frashëri""","Škola ""Vëllezërit Frashëri""",,
2,1,Deçan/Dečani,0101x,Deçan/Dečani,"Shkolla ""Lidhja e Prizrenit""","Škola ""Lidhja e Prizrenit""",,
3,1,Deçan/Dečani,0102c,Drenoc/Drenovac,"Shkolla ""Sylë Alaj""","Škola ""Sylë Alaj""",,
4,1,Deçan/Dečani,0103c,Gramaçel/Gramočelj,"Shkolla ""Drita""","Škola ""Drita""",,
5,1,Deçan/Dečani,0105c,Strellci i Epërm/Gornje Streoc,"Shkolla ""Bajram Curri""","Škola ""Bajram Curri""",,
6,1,Deçan/Dečani,0106c,Irzniq/Rznic,"Shkolla ""Avni Rrustemi""","Škola ""Avni Rrustemi""",,
7,1,Deçan/Dečani,0108c,Isniq/Istinić,"Shkolla Fillore ""Isa Boletini""","Osnovna Škola ""Isa Boletini""",,
8,1,Deçan/Dečani,0110c,Lumbardhë/ Lumbarda,"Shkolla ""Lan Selimi""","Škola ""Lan Selimi""",,
1,2,Gjakovë/Đakovica,0201c,Gjakovë/Đakovica,"Gjimnazi ""Hajdar Dushi"" Objekti i Ri","Gimnazija ""Hajdar Dushi"" Novi Objekat",,
2,2,Gjakovë/Đakovica,0202c,Gjakovë/Đakovica,"Shkolla Fillore ""Mustafa Bakija"" e vjeter","Osnovna Škola ""Mustafa Bakija"" stara",,
3,2,Gjakovë/Đakovica,0202x,Gjakovë/Đakovica,"Shkolla Fillore ""Mustafa Bakija"" e re","Osnovna Škola ""Mustafa Bakija"" nova",,
4,2,Gjakovë/Đakovica,0203c,Gjakovë/Đakovica,"Shkolla Fillore ""Mazllum Këpuska""","Osnovna Škola ""Mazllum Këpuska""",,
5,2,Gjakovë/Đakovica,0203x,Gjakovë/Đakovica,"Shkolla e Mesme ""Nexhmedin Nixha""","Srednja Skola ""Nedjmedin Nidja""",,
6,2,Gjakovë/Đakovica,0204c,Gjakovë/Đakovica,"Shkolla e Mesme ""Kadri Kusari ""","Srednja Škola ""Kadri Kusari """,,
7,2,Gjakovë/Đakovica,0205c,Gjakovë/Đakovica,"Shkolla Fillore ""Zekeria Rexha""","Osnovna Škola ""Zekeria Rexha""",,
8,2,Gjakovë/Đakovica,0206c,Kralan/Kraljane,"Shkolla Fillore ""Hazir Ramaj""","Osnovna Škola ""Hazir Ramaj""",,
9,2,Gjakovë/Đakovica,0207c,Cërmjan/Crmljane,"Shkolla Fillore ""Vëllazërimi""","Osnovna Škola ""Vëllazërimi""",,
10,2,Gjakovë/Đakovica,0208c,Bishtrazhin/Bistrazin,"Shkolla Fillore ""Gjergj Fishta""","Osnovna Škola ""Gjergj Fishta""",,
11,2,Gjakovë/Đakovica,0209c,Lipovec/Lipovac,"Shkolla Fillore ""Niman Ferizi""","Osnovna Škola ""Niman Ferizi""",,
12,2,Gjakovë/Đakovica,0210c,Ponoshec/Ponoševac,"Shkolla Fillore ""Ganimete Tërbeshi""","Osnovna Škola ""Ganimete Tërbeshi""",,
13,2,Gjakovë/Đakovica,0211c,Korenicë/Korenica,"Shkolla Fillore ""Luigj Gurakuqi""","Osnovna Škola ""Luigj Gurakuqi""",,
14,2,Gjakovë/Đakovica,0212c,Rogovë/Rogovo,"Shkolla ""Haxhi Hoti""","Škola ""Haxhi Hoti""",,
15,2,Gjakovë/Đakovica,0213c,Demjan/Demnjane,"Shkolla Fillore ""Durak Ahmeti""","Osnovna Škola ""Durak Ahmeti""",,
16,2,Gjakovë/Đakovica,0214c,Skivjan/Skivjane,"Shkolla ""Ukshin Miftari""","Škola ""Ukshin Miftari""",,
17,2,Gjakovë/Đakovica,0215c,Bec/Bec,"Shkolla Fillore ""Ahmet Rrustemi""","Osnovna Škola ""Ahmet Rrustemi""",,
18,2,Gjakovë/Đakovica,0219c,Novosellë e Epërme/Gornje Novo Selo,"Shkolla ""Shtjefën Kurti""","Škola ""Shtjefën Kurti""",,
19,2,Gjakovë/Đakovica,0220c,Jabllanicë (Shqiponjë)/Jablanica,"Shkolla Fillore ""Dëshmorët e Kombit""","Osnovna Škola ""Dëshmorët e Kombit""",,
20,2,Gjakovë/Đakovica,0221c,Sheremetaj/Seremet,"Shkolla ""Zef Mark Perkaj""","Škola ""Zef Mark Perkaj""",,
21,2,Gjakovë/Đakovica,0222c,Brekoc/Brekovac,"Shkolla Fillore ""Zef Lush Marku""","Osnovna Škola ""Zef Lush Marku""",,
22,2,Gjakovë/Đakovica,0223c,Piskotë/Piskote,"Shkolla Fillore ""Selman Riza""","Osnovna Škola ""Selman Riza""",,
23,2,Gjakovë/Đakovica,0224c,Dobilibare/Doblibare,"Shkolla Fillore ""Remzi Pula""","Osnovna Škola ""Remzi Pula""",,
24,2,Gjakovë/Đakovica,0225c,Molliq/Molić,"Shkolla Fillore ""Jahe Salihu""","Osnovna Škola ""Jahe Salihu""",,
25,2,Gjakovë/Đakovica,0226c,Dol/Dolj,"Shkolla Fillore ""Qemajl Bakia""","Osnovna Škola ""Qemajl Bakia""",,
26,2,Gjakovë/Đakovica,0227c,Zhabel/Žabelj,"Shkolla Fillore ""Ferhat Binishi""","Osnovna Škola ""Ferhat Binishi""",,
27,2,Gjakovë/Đakovica,0228c,Babaj i Bokes/Babaj Boks,"Shkolla Fillore ""Fahri Hoxha""","Osnovna Škola ""Fahri Hoxha""",,
28,2,Gjakovë/Đakovica,0229c,Dujakë/Dujak,"Shkolla Fillore ""Fan Noli""","Osnovna Škola ""Fan Noli""",,
1,3,Gllogovc/Glogovac,0301e,Gllogovc/Glogovac,"Shkolla ""Rasim Kiçina""","Škola ""Rasim Kiçina""",,
2,3,Gllogovc/glogovac,0301x,Gllogovc/Glogovac,"Shkolla Fillore ""Halil Bajraktari""","Osnovna Škola ""Halil Bajraktari""",,
3,3,Gllogovc/Glogovac,0302e,Komoran/Komorane,"Shkolla ""Xheladin Gashi - Plaku ""","Škola ""Xheladin Gashi - Plaku""",,
4,3,Gllogovc/Glogovac,0303e,Koreticë e Epërme/Gornja Koretica,"Shkolla ""Shaban Polluzha""","Škola ""Shaban Polluzha""",,
5,3,Gllogovc/Glogovac,0304e,Dobrashec/Dobroševac,"Shkolla ""Rilindja""","Škola ""Rilindja""",,
6,3,Gllogovc/Glogovac,0305e,Gradicë/Gradica,"Shkolla ""Mehmet Grabica""","Škola ""Mehmet Grabica""",,
7,3,Gllogovc/Glogovac,0306e,Tërstenik/Trstenik,"Shkolla ""Zenel Hajdini""","Škola ""Zenel Hajdini""",,
8,3,Gllogovc/Glogovac,0307e,Abri e Epërme/Gornje Obrinje,"Shkolla ""Shote Galica""","Škola ""Shote Galica""",,
9,3,Gllogovc/Glogovac,0308e,Bajicë/Banjica,"Shkolla ""Migjeni""","Škola ""Migjeni""",,
10,3,Gllogovc/Glogovac,0309e,Krajkovë/Krajkovo,"Shkolla ""28 Nëntori""","Škola ""28 Nëntori""",,
11,3,Gllogovc/Glogovac,0310e,Nekoc/Nekovce,"Shkolla ""Bajram Curri""","Škola ""Bajram Curri""",,
12,3,Gllogovc/Glogovac,0311e,Sankofc/Stankovce,"Shkolla ""Luigj Gurakuqi""","Škola ""Luigj Gurakuqi""",,
13,3,Gllogovc/Glogovac,0313e,Arllat/Orlate,"Shkolla ""Abedin Bujupi""","Škola ""Abedin Bujupi""",,
14,3,Gllogovc/Glogovac,0314e,Negrovc/Negrovce,"Shkolla ""Jusuf Gervalla""","Škola ""Jusuf Gervalla""",,
15,3,Gllogovc/Glogovac,0315e,Poklek/Poklek,"Shkolla e Mesme ""Fehmi Lladrofci""","Srednja Skola ""Fehmi Lladrofci""",,
16,3,Gllogovc/Glogovac,0316e,Gllanasell/Gladno Selo,"Shkolla Fillore ""Xheve Lladrovci""","Osnovna Škola ""Xheve Lladrovci""",,
17,3,Gllogovc/Glogovac,0317e,Llapushnik/Lapusnik,"Shkolla Fillore "" Hasan Prishtina""","Osnovna Škola "" Hasan Prishtina""",,
18,3,Gllogovc/Glogovac,0318e,Polluzhe/Poluza,"Shkolla Fillore "" Shaban Polluzha""","Osnovna Škola "" Shaban Polluzha""",,
19,3,Gllogovc/Glogovac,0319e,Zabeli i Ulte/Donji Zabelj,"Shkolla Fillore ""Arif Shala""","Osnovna Škola ""Arif Shala""",,
20,3,Gllogovc/Glogovac,0320e,Qikatove e Re/Novo Cikatovo,"Shkolla Fillore ""Ali Gashi""","Osnovna Škola ""Ali Gashi""",,
21,3,Gllogovc/Glogovac,0321e,Kishnarekë,"Shkolla Fillore ""7 Marsi""","Osnovna Škola ""7 Marta""",,
22,3,Gllogovc/Glogovac,0322e,Qikatovë e Vjeter,"Shkolla Fillore ""Deshmorët e Drenicës""","Osnovna skola""Deshmoret e Drenices""",,
23,3,Gllogovc/Glogovac,0323e,Terdevc,"Shkolla Fillore ""Shote Galica""","Osnovna skola ""Sote Galica""",,
24,3,Gllogovc/Glogovac,0324e,Vasilevë,Shkolla Fillore Fazli Grajçevci,"Osnovna skola""Fazli Grajqevci""",,
1,4,Gjilan/Gnjilane,0401d,Gjilan/Gnjilane,"Shkolla Fillore ""Abaz Ajeti""","Osnovna Škola ""Abaz Ajeti""",,
2,4,Gjilan/Gnjilane,0401x,Gjilan/Gnjilane,"Shkolla Fillore ""Thimi Mitko""","Osnovna Škola ""Thimi Mitko""",,
3,4,Gjilan/Gnjilane,0402d,Gjilan/Gnjilane,"Shkolla Fillore ""Selami Hallaqi""","Osnovna Škola ""Selami Hallaqi""",,
4,4,Gjilan/Gnjilane,0402x,Gjilan/Gnjilane,"Shkolla ""Musa Zajmi""","Škola ""Musa Zajmi""",,
5,4,Gjilan/Gnjilane,0403d,Gjilan/Gnjilane,"Gjimnazi i Vjeter ""Zenel Hajdini""","Stara Gimnazija ""Zenel Hajdini""",,
6,4,Gjilan/Gnjilane,0403x,Gjilan/Gnjilane,"Shkolla Teknike ""Mehmet Isai""","Technical Škola ""Mehmet Isai""",,
7,4,Gjilan/Gnjilane,0404d,Bresalc/Bresalce,"Shkolla Fillore ""Ibrahim Oruqi""","Osnovna Škola ""Ibrahim Oruqi""",,
8,4,Gjilan/Gnjilane,0405d,Kishnapole/Kishnapole,"Shkolla Fillore ""Afërdita""","Osnovna Škola ""Afërdita""",,
9,4,Gjilan/Gnjilane,0406d,Dobërçan/Dobrčane,"Shkolla Fillore ""Nazim Hikmet""","Osnovna Škola ""Nazim Hikmet""",,
10,4,Gjilan/Gnjilane,0407d,Malishevë/Mališevo,"Shkolla Fillore ""Avdullah Tahiri""","Osnovna Škola ""Avdullah Tahiri""",,
11,4,Gjilan/Gnjilane,0408d,Pograxhë/Podgrađe,"Shkolla Fillore ""Liria""","Osnovna Škola ""Liria""",,
12,4,Gjilan/Gnjilane,0409d,Zhegër/Žegra,"Shkolla Fillore ""Agim Ramadani""","Osnovna Škola ""Agim Ramadani""",,
13,4,Gjilan/Gnjilane,0410d,Cernicë/Cernica,"Shkolla Fillore ""Ramiz Cernica""","Osnovna Škola ""Ramiz Cernica""",,
14,4,Gjilan/Gnjilane,0412d,Gjilan/Gnjilane,"Annex i Kishes ""Vuk Karadžić""","Annex Crkve ""Vuk Karadžić""",,
15,4,Gjilan/Gnjilane,0415d,Shilovë/Šilovo,"Shkolla Fillore ""Vuk Karadžić""","Osnovna Škola ""Vuk Karadžić""",,
16,4,Gjilan/Gnjilane,0420d,Ponesh/Poneš,"Shkolla Fillore ""Sveti Sava""","Osnovna Škola ""Sveti Sava""",,
17,4,Gjilan/Gnjilane,0422d,Cernicë/Cernica,"Shkolla Fillore ""Branko Radičević""","Osnovna Škola ""Branko Radičević""",,
18,4,Gjilan/Gnjilane,0423d,Përlepnicë/Prilepnica,"Shkolla Fillore ""Skenderbeu""","Osnovna Škola ""Skenderbeu""",,
19,4,Gjilan/Gnjilane,0428d,Kmetofc/Kmetovce,"Shkolla Fillore ""Vuk Karadžić""","Osnovna Škola ""Vuk Karadžić""",,
20,4,Gjilan/Gnjilane,0429d,Velekincë/Velekince,"Shkolla Fillore ""Mulla Idriz Gjilani""","Osnovna Škola ""Mulla Idriz Gjilani""",,
21,4,Gjilan/Gnjilane,0430d,Livoç i Poshtëm/Donji Livoč,"Shkolla Fillore ""Dëshmorët e Kombit""","Osnovna Škola ""Dëshmorët e Kombit""",,
22,4,Gjilan/Gnjilane,0434d,Livoç i Epërm/Gornji Livoč,Shtëpi Private,Privatna Kuća,,
23,4,Gjilan/Gnjilane,0437d,Llashtice/Vlastica,"Shkolla Fillore""Esat Berisha""","Osnovna Škola""Esat Berisha""",,
24,4,Gjilan/Gnjilane,0438d,Shurdhan/Surlani,"Shkolla Fillore ""Bajram Curri""","Osnovna Škola ""Bajram Curri""",,
25,4,Gjilan/Gnjilane,0439d,Livoq i Eperm/Gornji Livoc,"Shkolla Fillore ""Vatra e Diturise""","Osnovna Škola ""Vatra e Diturise""",,
26,4,Gjilan/Gnjilane,0440d,Lladove/Lladovo,"Shkolla Fillore ""Agim Ramadani""","Osnovna Škola ""Agim Ramadani""",,
27,4,Gjilan/Gnjilane,0441d,Uglari/Ugljare,"Shkolla Fillore"" Vehbi Ibrahimi""","Osnovna Škola"" Vehbi Ibrahimi""",,
28,4,Gjilan/Gnjilane,0442d,Verbice e Zhegofcit/Zegovacka Vrbica,"Shkolla Fillore ""Fetah Qerimi","Osnovna Škola ""Fetah Qerimi",,
29,4,Gjilan/Gnjilane,0443d,Gumnishtë/Gumniste,"Shkolla Fillore ""Ramiz Cernica""","Osnovna skola""Ramiz Crnica""",,
30,4,Gjilan/Gnjilane,0444d,Bilincë/Bilinca,"Shkolla Fillore""Liria""","Osnovna skola""Liria""",,
31,4,Gjilan/Gnjilane,0445d,Bukovik/Bukovik,"Shkolla Fillore ""Nazim Hikmet""","Osnovna skola ""Nazmi Hikmet""",,
32,4,Gjilan/Gnjilane,0446d,Llovce/Lovce,"Shkolla Fillore ""Liria""","Osnovna skola""Liria""",,
33,4,Gjilan/Gnjilane,0447d,Kravaricë/Kravarica,"Shkolla Fillore ""Ramiz Cernica""","Osnovna skola""Ramiz Crnica""",,
1,5,Dragash/Dragaš,0501a,Dragash/Dragaš,"Shkolla Mesme ""Ruzhdi Berisha""","Srednja Škola ""Ruzhdi Berisha""",,
2,5,Dragash/Dragaš,0501x,Dragash/Dragaš,"Shkolla Fillore ""Fetah Sylejmani""","Osnovna Škola ""Fetah Sylejmani""",,
3,5,Dragash/Dragaš,0502a,Brodi/Brod,"Shkolla Fillore ""Zenuni""","Osnovna Škola ""Zenuni""",,
4,5,Dragash/Dragaš,0503a,Restelicë/Restelica,"Shkolla Fillore ""Restelica""","Osnovna Škola ""Restelica""",,
5,5,Dragash/Dragaš,0504a,Glloboçicë/Globočica,"Shkolla Fillore ""Svetlost""","Osnovna Škola ""Svetlost""",,
6,5,Dragash/Dragaš,0505a,Rapçë e Poshtme/Donja Rapča,"Shkolla Fillore ""9 Maj""","Osnovna Škola ""9 Maj""",,
7,5,Dragash/Dragaš,0506a,Brezne/Brezna,"Shkolla Fillore ""Shaban Shabani""","Osnovna Škola ""Shaban Shabani""",,
8,5,Dragash/Dragaš,0507a,Bresanë/Brodosavce,"Shkolla Fillore ""28 Nëntori""","Osnovna Škola ""28 Nëntori""",,
9,5,Dragash/Dragaš,0508a,Blaq/Bljać,"Shkolla Fillore ""Ilmi Bahtijari""","Osnovna Škola ""Ilmi Bahtijari""",,
10,5,Dragash/Dragaš,0509a,Kosavë/Kosavce,"Shkolla e Re ""Ulina""","Nova Škola ""Ulina""",,
11,5,Dragash/Dragaš,0510a,Kuk/Kukovce,"Shkolla Fillore ""Samidin Emini""","Osnovna Škola ""Samidin Emini""",,
12,5,Dragash/Dragaš,0511a,Bellobrad/Belobrad,"Shkolla Fillore ""Sezai Surroi""","Osnovna Škola ""Sezai Surroi""",,
13,5,Dragash/Dragaš,0512a,Zgatar/Zgatare,"Shkolla Fillore ""Ilmi Bahtijari""","Osnovna Škola ""Ilmi Bahtijari""",,
14,5,Dragash/Dragaš,0513a,Shajne/Sajnovce,"Shkolla Fillore ""Fetah Sylejmani""","Osnovna skola ""Fetah Sylejmani""",,
15,5,Dragash/Dragaš,0514a,Mlikë/Mlike,"Shkolla Fillore ""Vranishta""","Osnovna skola""Vranishta""",,
16,5,Dragash/Dragaš,0515a,Zym/Zjum,"Shkolla Fillore ""Sezai Surroi""","Osnovna skola""Sezair Suroi""",,
17,5,Dragash/Dragaš,0516a,Radeshë/Radeša,"Shkolla Fillore ""Fetah Sylejmani""","Osnovna Škola ""Fetah Sylejmani""",,
18,5,Dragash/Dragaš,0517a,Leshtan/Leštane,"Shkolla Fillore ""Fetah Sylejmani""","Osnovna Škola ""Fetah Sylejmani""",,
19,5,Dragash/Dragaš,0518a,Pllavë/Plava,"Shkolla Fillore ""Shaban Shabani""","Osnovna Škola ""Shaban Shabani""",,
20,5,Dragash/Dragaš,0519a,Xërxe/Zrza,"Shkolla Fillore ""Fetah Sylejmani""","Osnovna Škola ""Fetah Sylejmani""",,
21,5,Dragash/Dragaš,0520a,Krushe/Kruševo,"Shkolla Fillore ""Svetlost""","Osnovna Škola ""Svetlost""",,
22,5,Dragash/Dragaš,0521a,Vranishtë/Vranište,"Shkolla Fillore ""25 Maj""","Osnovna Škola ""25 Maj""",,
23,5,Dragash/Dragaš,0522a,Buçe/Buče,"Shkolla Fillore "" Shaban Shabani""","Osnovna Škola "" Shaban Shabani""",,
24,5,Dragash/Dragaš,0523a,Zaplluxhe/Zapluzje,"Shkolla Fillore ""Ilmi Bahtijari""","Osnovna Škola ""Ilmi Bahtijari""",,
25,5,Dragash/Dragaš,0524a,Brruti/Brut,"Shkolla Fillore ""Sezair Surrroi""""","Osnovna Škola ""Sezair Surrroi""""",,
26,5,Dragash/Dragaš,0525a,Kerstec/Veliki Krstac,"Shkolla Fillore ""9 Maji""","Osnovna Škola ""9 Maji""",,
27,5,Dragash/Dragaš,0526a,Rrenci/Rence,"Shkolla Fillore ""Fetah Sylejmani""","Osnovna Škola ""Fetah Sylejmani""",,
28,5,Dragash/Dragaš,0527a,Zlipotoku/Zli Potok,"Shkolla Fillore ""Svetlost""","Osnovna Škola ""Svetlost""",,
29,5,Dragash/Dragaš,0528a,Pllajniku/Plajnik,"Shkolla Fillore ""Samidin Emini""","Osnovna Škola ""Samidin Emini""",,
30,5,Dragash/Dragaš,0529a,Oruqusha/Orcuse,"Shkolla Fillore ""25 Maj""","Osnovna Škola ""25 Maj""",,
31,5,Dragash/Dragaš,0530a,Dikanca/Dikance,"Shkolla Fillore ""Zenuni""","Osnovna Škola ""Zenuni""",,
1,6,Istog/Istok,0601c,Istog/Istok,"Shkolla Fillore ""Bajram Curri""","Osnavna Skola "" Bajram Curri""",,
2,6,Istog/Istok,0602c,Banjë e Pejës/Pećka Banja,"Shkolla Fillore ""Trepça""","Osnovna Škola ""Trepça""",,
3,6,Istog/Istok,0603c,Dobrushë/Dobruša,"Shkolla Fillore ""Fan S. Noli""","Osnovna Škola ""Fan S. Noli""",,
4,6,Istog/Istok,0604c,Gjurakovc/Đurakovac,"Shkolla Fillore ""Martin Camaj""","Osnovna Škola ""Martin Camaj""",,
5,6,Istog/Istok,0605c,Zallq/Žač,"Shkolla ""Avni Rustemi""","Škola ""Avni Rustemi""",,
6,6,Istog/Istok,0606c,Vrellë/Vrelo,"Shkolla Fillore ""Hysni Zajmi""","Osnovna Škola ""Hysni Zajmi""",,
7,6,Istog/Istok,0607c,Shushicë/Sušica,"Shkolla ""Mehmet Akif""","Škola ""Mehmet Akif""",,
8,6,Istog/Istok,0608c,Rakosh/Rakoš,"Shkolla ""Ndre Mjeda""","Škola ""Ndre Mjeda""",,
9,6,Istog/Istok,0613c,Uçë/Ukča,"Shkolla Fillore ""Tre Dëshmorët""","Osnovna Škola ""Tre Dëshmorët""",,
10,6,Istog/Istok,0618c,Osojan/Osojane,"Shkolla Fillore ""Radoš Tosić""","Osnovna Škola ""Radoš Tosić""",,
11,6,Istog/Istok,0619c,Saradran/Staradvorane,"Shkolla Fillore ""Ismail Qemali""","Osnovna Škola ""Ismail Qemali""",,
12,6,Istog/Istok,0620c,Cercë/Crnce,"Shkolla Fillore ""Bajram Curri""","Osnovna Škola ""Bajram Curri""",,
13,6,Istog/Istok,0621c,Kaliqan/Kaličane,"Shkolla Fillore ""Zymer Zeka""","Osnovna Škola ""Zymer Zeka""",,
14,6,Istog/Istok,0622c,Llukafec I Begut/Begov Lukavac,"Shkolla Fillore ""Fan Noli""","Osnovna Škola ""Fan Noli""",,
15,6,Istog/Istok,0623c,Cerkolez/Crkolez,"Shkolla Fillore ""Tre Deshmoret""","Osnovna Škola ""Tre Deshmoret""",,
1,7,Kaçanik/Kačanik,0701d,Kaçanik/Kačanik,"Shkolla Mesme ""Skenderbeu""","Srednja Škola ""Skenderbeu""",,
2,7,Kaçanik/Kačanik,0701x,Kaçanik/Kačanik,"Shkolla ""Emin Duraku""","Škola ""Emin Duraku""",,
3,7,Kaçanik/Kačanik,0702d,Glloboqicë/Globočica,"Shkolla Fillore ""Gafurr Luma""","Osnovna Škola ""Gafurr Luma""",,
4,7,Kaçanik/Kačanik,0703d,Kaçaniki Vjetër/Stari Kačanik,"Shkolla Fillore ""Qamil Ilazi""","Osnovna Škola ""Qamil Ilazi""",,
5,7,Kaçanik/Kačanik,0704d,Stagovë/Stagovo,"Shkolla Fillore ""Agim Bajrami""","Osnovna Škola ""Agim Bajrami""",,
6,7,Kaçanik/Kačanik,0705d,Biçec/Bićevac,"Shkolla Fillore ""Jusuf Gërvalla""","Osnovna Škola ""Jusuf Gërvalla""",,
7,7,Kaçanik/Kačanik,0706d,Dubravë/Dubrava,"Shkolla Fillore ""Kadri Zeka""","Osnovna Škola ""Kadri Zeka""",,
8,7,Kaçanik/Kačanik,0707d,Doganaj/Doganović,"Shkolla Fillore ""Ali Asllani""","Osnovna Škola ""Ali Asllani""",,
9,7,Kaçanik/Kačanik,0708d,Nikë/Nika,"Shkolla Fillore ""Jusuf Gervalla""","Osnovna skola""Jusuf Gërvalla""",,
10,7,Kaçanik/Kačanik,0710d,Ivajë/Ivaja,"Shkolla Fillore ""Dituria""","Osnovna Škola ""Dituria""",,
11,7,Kaçanik/Kačanik,0711d,Bajnicë/Bajnica,"Shkolla Fillore ""Nazmi Osmani""","Osnovna skola""Naymi Osmani""",,
12,7,Kaçanik/Kačanik,0712d,Elezaj/Eleza,"Shkolla Fillore ""Nazmi Osmani""","Osnovna Škola ""Nazmi Osmani""",,
13,7,Kaçanik/Kačanik,0713d,Begrace/Belograce,"Shkolla Fillore ""7 Shtatori""","Osnovna Škola ""7 Shtatori""",,
14,7,Kaçanik/Kačanik,0714d,Shtrazhë/Straz,"Shkolla Fillore ""Dituria""","Osnovna skola""Diruria""",,
15,7,Kaçanik/Kačanik,0715d,Kotline/Kotline,"Shkolla Fillore ""Naim Frasheri""","Osnovna Škola ""Naim Frasheri""",,
16,7,Kaçanik/Kačanik,0716d,Gajre/Gajra,"Shkolla Fillore ""Idriz Seferi""","Osnovna Škola ""Idriz Seferi""",,
17,7,Kaçanik/Kačanik,0717d,Gjurgjedell/Djurdjev Dol,"Shkolla Fillore ""Emin Duraku""","Osnovna Škola ""Emin Duraku""",,
18,7,Kaçanik/Kačanik,0718d,Korbliq/Korbulic,"Shkolla Fillore ""Emin Duraku""","Osnovna Škola ""Emin Duraku""",,
19,7,Kaçanik/Kačanik,0719d,Kovaçeci/Kovacevac,"Shkolla Fillore ""Idriz Seferi""","Osnovna Škola ""Idriz Seferi""",,
1,8,Klinë/Klina,0801c,Klinë/Klina,"Shkolla Fillore ""Ismet Raci""","Osnovna Škola ""Ismet Raci""",,
2,8,Klinë/Klina,0802c,Drenoc/Drenovac,"Shkolla Fillore ""Isa Boletini""","Osnovna Škola ""Isa Boletini""",,
3,8,Klinë/Klina,0803c,Sferkë/Svrhe,"Shkolla Fillore ""Emin Duraku""","Osnovna Škola ""Emin Duraku""",,
4,8,Klinë/Klina,0804c,Zllokuqan/Zlokučane,"Shkolla Fillore ""Shtjefën Gjeçovi""","Osnovna Škola ""Shtjefën Gjeçovi""",,
5,8,Klinë/Klina,0805c,Ujmir/Dobra Voda,"Shkolla Fillore ""Ali Krasniqi""","Osnovna Škola ""Ali Krasniqi""",,
6,8,Klinë/Klina,0806c,Budisafc/Budisavci,"Shkolla Fillore ""Nëna Terezë""","Osnovna Škola ""Nëna Terezë""",,
7,8,Klinë/Klina,0807c,Jashanicë e Poshtme/Donja Jošanica,"Shkolla Fillore ""Tre Dëshmorët""","Osnovna Škola ""Tre Dëshmorët""",,
8,8,Klinë/Klina,0808c,Gllarevë/Iglarevo,"Shkolla Fillore ""Dëshmorët e Qëndresës""","Osnovna Škola ""Dëshmorët e Qëndresës""",,
9,8,Klinë/Klina,0809c,Zajm/Zajmova,"Shkolla Fillore ""Motrat Qiriazi""","Osnovna skola""Motrat Qirazi""",,
10,8,Klinë/Klina,0811c,Grabanicë/Grabanica,"Shkolla Fillore ""Azem Bejta""","Osnovna Škola ""Azem Bejta""",,
11,8,Klinë/Klina,0813c,Binxhë/Biča,Qendra e Takimeve (Shtëpi),Centar Sastanke (Kuća),,
12,8,Klinë/Klina,0814c,Shtupeli/Stupelj,"Shkolla Fillore"" Avni Zhabota""","Osnovna Škola"" Avni Zhabota""",,
13,8,Klinë/Klina,0815c,Caravik/Cerovik,"Shkolla Fillore ""Esat Mekuli""","Osnovna Škola ""Esat Mekuli""",,
14,8,Klinë/Klina,0816c,Gremnik/Grebnik,"Shkolla Fillore "" Zgjimi""","Osnovna Škola "" Zgjimi""",,
15,8,Klinë/Klina,0817c,Kpuz/Kpuz,"Shkolla Fillore ""Azem Bejta""","Osnovna Škola ""Azem Bejta""",,
16,8,Klinë/Klina,0818c,Përqevë/Prćevo,"Shkolla Fillore ""Emin Duraku""","Osnovna Škola ""Emin Duraku""",,
17,8,Klinë/Klina,0819c,Videjë/Vidanje,Qendra për Grumbullimin e Qumështit,Centar za Sakupljanje Mleka,,
1,9,Fushë Kosovë/Kosovo Polje,0901e,Fushë Kosovë/Kosovo Polje,"Shkolla Fillore ""Selman Riza""","Škola ""Selman Riza""",,
2,9,Fushë Kosovë/Kosovo Polje,0901x,Fushë Kosovë/Kosovo Polje,"Shkolla Fillore ""Mihail Grameno""","Osnovna Škola ""Mihail Grameno""",,
3,9,Fushë Kosovë/Kosovo Polje,0902e,Bardh i Madh/Veliki Belaćevac,"Shkolla ""Zenel Salihu""","Škola ""Zenel Salihu""",,
4,9,Fushë Kosovë/Kosovo Polje,0903e,Sllatinë e Epërme/Velika Slatina,"Shkolla ""Bajram Curri""","Škola ""Bajram Curri""",,
5,9,Fushë Kosovë/Kosovo Polje,0904e,Miradi e Ulët/Donje Dobrevo,"Shkolla ""Vëllezërit Frashëri""","Škola ""Vëllezërit Frashëri""",,
6,9,Fushë Kosovë/Kosovo Polje,0905e,Kuzmini/Kuzmin,"Shkolla ""Aca Marović""","Škola ""Aca Marović""",,
7,9,Fushë Kosovë/Kosovo Polje,0907e,Bresja/Bresje,"Shkolla ""Daut Bogujevci""","Škola ""Daut Bogujevci""",,
8,9,Fushë Kosovë/Kosovo Polje,0908e,Miradi e Eperme/Gornje Dobrevo,"Shkolla Fillore ""Vellezerit Frasheri""","Osnovna skola ""Vëllëzërit Frasheri""",,
9,9,Fushë Kosovë/Kosovo Polje,0909e,Bresja/Bresje,"Shkolla ""Daut Bogujevci""","Škola ""Daut Bogujevci""",,
10,9,Fushë Kosovë/Kosovo Polje,0910e,Bresja/Bresje,"Shkolla ""Daut Bogujevci""","Škola ""Daut Bogujevci""",,
1,10,Kamenicë/Kamenica,1001d,Kamenicë/Kamenica,"Shkolla ""Ismail Qemali""","Škola ""Ismail Qemali""",,
2,10,Kamenicë/Kamenica,1001x,Kamenicë/Kamenica,"Shkolla ""Andrea Durrsaku""","Škola ""Andrea Durrsaku""",,
3,10,Kamenicë/Kamenica,1002d,Topanicë/Topanica,"Shkolla Fillore ""Rexhep Malaj""","Osnovna Škola ""Rexhep Malaj""",,
4,10,Kamenicë/Kamenica,1003d,Strezofc/Strezovce,"Shkolla Fillore ""Idriz Seferi""","Osnovna Škola ""Idriz Seferi""",,
5,10,Kamenicë/Kamenica,1004d,Krilevë/Kriljevo,"Shkolla Fillore ""7 Shtatori""","Osnovna Škola ""7 Shtatori""",,
6,10,Kamenicë/Kamenica,1005d,Hogosht/Ogošte,"Shkolla Fillore ""Skenderbeu""","Osnovna Škola ""Skenderbeu""",,
7,10,Kamenicë/Kamenica,1006d,Desivojcë/Desivojce,"Shkolla Fillore ""Kadri Zeka""","Osnovna Škola ""Kadri Zeka""",,
8,10,Kamenicë/Kamenica,1007d,Tugjec/Tudjevce,"Shkolla Fillore ""Nuhi Berisha""","Osnovna Škola ""Nuhi Berisha""",,
9,10,Kamenicë/Kamenica,1008d,Shipashnicë e Epërme/Gornja Šipašnica,"Shkolla Fillore ""Sadri Misini""","Osnovna Škola ""Sadri Misini""",,
10,10,Kamenicë/Kamenica,1009d,Rogaçicë/Rogačica,"Shkolla Fillore ""Metush Krasniqi""","Osnovna Škola ""Metush Krasniqi""",,
11,10,Kamenicë/Kamenica,1010d,Ajnoc/Ajnovce,"Shkolla Fillore ""Desanka Maksimović""","Osnovna Škola ""Desanka Maksimović""",,
12,10,Kamenicë/Kamenica,1013d,Kolloleq/Kololeć,"Shkolla fillore ""9 Maji""- Kolloleq",Kancelarija Pošte,,
13,10,Kamenicë/Kamenica,1015d,Berivojcë/Berivojce,"Shkolla Fillore ""Desanka Maksimović""","Osnovna Škola ""Desanka Maksimović""",,
14,10,Kamenicë/Kamenica,1016d,Bosce/Bosce,"Shkolla Fillore ""Desanka Maksimović""","Osnovna Škola ""Desanka Maksimović""",,
15,10,Kamenicë/Kamenica,1017d,Kamenicë/Kamenica,"Qendra e Kulturës ""Isa Kastrati""- Kamenicë",Dom Kulture,,
16,10,Kamenicë/Kamenica,1022d,Karaqeve e Ulet/Donja Karacevo,"Shkolla Fillore "" Asllan Thaqi""","Osnovna Škola "" Asllan Thaqi""",,
17,10,Kamenicë/Kamenica,1023d,Busovate/Busovate,"Shkolla Fillore""Hasan Prishtina""","Osnovna Škola""Hasan Prishtina""",,
18,10,Kamenicë/Kamenica,1024d,Koretin/Koretin,"Shkolla Fillore ""Avdullah Kraishnica-Presheva""","Osnovna Škola ""Avdullah Kraishnica-Presheva""",,
19,10,Kamenicë/Kamenica,1025d,Petrovc/Petrovce,"Shkolla Fillore"" Xhelal Sopi""","Osnovna Škola"" Xhelal Sopi""",,
20,10,Kamenicë/Kamenica,1026d,Hodonovc/Odanovce,"Shkolla Fillore""Xhavit Ahmeti""","Osnovna Škola""Xhavit Ahmeti""",,
21,10,Kamenicë/Kamenica,1027d,Lisocka/Lisacka,"Shkolla Fillore ""Skenderbeu""","Osnovna Škola ""Skenderbeu""",,
22,10,Kamenicë/Kamenica,1028d,Poliqka/Policka,"Shkolla Fillore ""Kadri Zeka""","Osnovna Škola ""Kadri Zeka""",,
23,10,Kamenicë/Kamenica,1029d,Kopernice/Kopernica,"Shkolla Fillore ""Skenderbeu""","Osnovna Škola ""Skenderbeu""",,
24,10,Kamenicë/Kamenica,1030d,Muqiverce/Mucivrce,"Shkolla Fillore ""17 Shkurti""","Osnovna Škola ""17 Shkurti""",,
25,10,Kamenicë/Kamenica,1031d,Shipshnice e Poshtme/Donja Sipasnica,"Shkolla Fillore ""Sadri Misini""","Osnovna Škola ""Sadri Misini""",,
26,10,Kamenicë/Kamenica,1032d,Karaevë e Eperme/Gornje Karacevo,"Shkolla Fillore ""Avni Rrustemi""","Osnovna skola ""Avni Rustemi""",,
1,11,Mitrovicë/Mitrovica,1102b,Mitrovicë/Mitrovica,"Shkolla e mesme Teknike ""Arkitekt Sinani""",Škola ''Arkitekt Sinani'',,
2,11,Mitrovicë/Mitrovica,1102x,Mitrovicë/Mitrovica,"Shkolla ""Abdullah Shabani""","Škola ""Abdullah Shabani""",,
3,11,Mitrovicë/Mitrovica,1103b,Shipol/Shipolje,"Shkolla Fillore ""Fazli Graiqevci""","Osnovna Škola ""Fazli Graiqevci""",,
4,11,Mitrovicë/Mitrovica,1103x,Zhabari/Zjabar,"Shkolla Fillore ""Shaban Idrizi""","Osnovna Škola""Shaban Idrizi""",,
5,11,Mitrovicë/Mitrovica,1104b,Mitrovica - Bairi,"Shkolla ''Ismail Qemali""","Škola ''Ismail Qemali""",,
6,11,Mitrovicë/Mitrovica,1105b,Mitrovica - Ura e gjakut,"Shkolla ""Skenderbeu""","Škola ""Skenderbeu""",,
7,11,Mitrovicë/Mitrovica,1109b,Mitrovicë/Mitrovica,"Shkolla Fillore ""Andon Zako Cajupi""","Osnovna Škola ""Andon Zako Cajupi""",,
8,11,Mitrovicë/Mitrovica,1111b,Mitrovicë - Sitnica,"Shkolla ""Bedri Gjina""","Škola ""Bedri Gjina""",,
9,11,Mitrovicë/Mitrovica,1112b,Kçiq i Madh/Veliki Kičić,"Shkolla ''Bislim Imeri ""","Škola ''Bislim Imeri """,,
10,11,Mitrovicë/Mitrovica,1113b,Trepçë/Trepča,Shkolla Trepçë,"Škola ""Trepča""",,
11,11,Mitrovicë/Mitrovica,1114b,Gushavce/Gushavac,"Shkolla Fillore ""Bajram Curri""","Osnovna Škola ""Bajram Curri""",,
12,11,Mitrovicë/Mitrovica,1115b,Bare/Bare,"Shkolla ''Xhevat Jusufi""","Škola ''Xhevat Jusufi""",,
13,11,Mitrovicë/Mitrovica,1116b,Tuneli i Parë/Prvi Tunel,"Shkolla ""Elena Gjika""","Škola ""Elena Gjika""",,
14,11,Mitrovicë/Mitrovica,1117b,Shupkofc/Šupkovac,"Shkolla ""Shemsi Ahmeti""","Škola ""Shemsi Ahmeti""",,
15,11,Mitrovicë/Mitrovica,1118b,Vidimiriq/Vidomirić,"Shkolla (A) ""Bajram Curri""","Škola (A) ""Bajram Curri""",,
16,11,Mitrovicë/Mitrovica,1119b,Sfinjar/Svinjare,Ekip mobil,Lokalna Kancelarija za Zajednice,,
17,11,Mitrovicë/Mitrovica,1120b,Rashan/Rašane,"Shkolla ""Sefedin Smakolli""","Škola ""Sefedin Smakolli""",,
18,11,Mitrovicë/Mitrovica,1121b,Bajgorë/Bajgora,"Shkolla ""Mehë Uka""","Škola ""Mehë Uka""",,
19,11,Mitrovicë/Mitrovica,1122b,Koshutovë/Košutovo,"Shkolla ""Jusuf Rexha""","Škola ""Jusuf Rexha""",,
20,11,Mitrovicë/Mitrovica,1123b,Mitrovice (lagja e romeve),"Shkolla ""Shkolla Bujqesore""","Škola ""Shkolla Bujqesore""",,
21,11,Mitrovicë/Mitrovica,1124b,Kaqanadoll/Kacandoll,"Shkolla Fillore ""Bislim Hajdari""","Osnovna Škola ""Bislim Hajdari""",,
22,11,Mitrovicë/Mitrovica,1125b,Vllahi/Vlahinje,"Shkolla Fillore ""Habib Jusufi""","Osnovna Škola ""Habib Jusufi""",,
23,11,Mitrovicë/Mitrovica,1126b,Selac/Seljance,"Shkolla Fillore ""Bislim Halimi""","Osnovna Škola ""Bislim Halimi""",,
24,11,Mitrovicë/Mitrovica,1127b,Rahove/Orahovo,"Shkolla Fillore ""Elmaz Peci ""","Osnovna Škola ""Elmaz Peci""",,
25,11,Mitrovicë/Mitrovica,1128b,Verbnice/Vrbnica,"Shkolla Fillore ""Fazli Graiqevci""","Osnovna Škola ""Fazli Graiqevci""",,
26,11,Mitrovicë/Mitrovica,1129b,Broboniq/Brabonjic,"Shkolla Fillore ""Sylejman Vokshi""","Osnovna Škola ""Sylejman Vokshi""",,
27,11,Mitrovicë/Mitrovica,1130b,Mazhiq/Mazic,"Shkolla Fillore ""Trepca""","Osnovna Škola ""Trepca""",,
28,11,Mitrovicë/Mitrovica,1132b,Melenice/Meljenica,"Shkolla Fillore ""Trepca""","Osnovna Škola ""Trepca""",,
1,12,Leposavić/Leposaviq,1201b,Leposavić/Leposaviq,"Shkolla Fillore ""Leposavić""","Osnovna Škola ""Leposavić""",,
2,12,Leposavić/Leposaviq,1201x,Leposavić/Leposaviq,Shtëpia e Kulturës,Dom Kulture,,
3,12,Leposavić/Leposaviq,1202b,Soqanica/Sočanica,"Shkolla Fillore ""Vuk Karadžić""","Osnovna Škola ""Vuk Karadžić""",,
4,12,Leposavić/Leposaviq,1203b,Vraqevë/Vračevo,"Shkolla Fillore ""Stana Bačanin""","Osnovna Škola ""Stana Bačanin""",,
5,12,Leposavić/Leposaviq,1204b,Belloberdë/Belo Brdo,"Shkolla Fillore ""Stana Bačanin""","Osnovna Škola ""Stana Bačanin""",,
6,12,Leposavić/Leposaviq,1205b,Leshak/Lešak,"Shkolla Fillore ""Stana Bačanin""","Osnovna Škola ""Stana Bačanin""",,
7,12,Leposavić/Leposaviq,1206b,Koshtovë,"Shtepi Private Pronari ""Ahmat Musa""","Privatna Kuća Vlasnik ""Ahmat Musa""",,
8,12,Leposavić/Leposaviq,1207b,Jashanica/Jošanica,"Shkolla Fillore ""Leposavić""","Osnovna Škola ""Leposavić""",,
9,12,Leposavić/Leposaviq,1208b,Dreni/Dren,"Shkolla Fillore ""Leposavić""","Osnovna Škola ""Leposavić""",,
10,12,Leposavić/Leposaviq,1209b,Bistricë/Bistrica,Objekt Privat Lovački dom,Privatni objekat - Lovački dom,,
11,12,Leposavić/Leposaviq,1210b,Borcani/Borčane,"Shkolla Fillore ""Vuk Karadžić""","Osnovna Škola ""Vuk Karadžić""",,
12,12,Leposavić/Leposaviq,1211b,Miokoviq/Miokoviće,"Shkolla Fillore ""Stana Bačanin""","Osnovna Škola ""Stana Bačanin""",,
13,12,Leposavić/Leposaviq,1212b,Donje Jarinje,Zyra Lokale per Komunitete,Lokalna Kancelarija za Zajednice,,
14,12,Leposavić/Leposaviq,1213b,Vuca/Vuča,"Shkolla Fillore ""Vuk Karadžić""","Osnovna Škola ""Vuk Karadžić""",,
15,12,Leposavić/Leposaviq,1214b,Potkomlje/Potok Mala,Ndërtesë Publike,Javna Zgrada,,
16,12,Leposavić/Leposaviq,1215b,Kostin Potok,Shtëpi Private pronar - Miroslav Kerkez,Privatna Kuća Vlasnik - Miroslav Kerkez,,
17,12,Leposavić/Leposaviq,1216b,Kijevciqe/Kijevčiće,"Shkolla Fillore ""Leposavić""","Osnovna Škola ""Leposavić""",,
18,12,Leposavić/Leposaviq,1217b,Bistricë/Šaljska Bistrica,"Shkolla ""Kadri Bistricë""","Škola ""Kadri Bistricë""",,
1,13,Lipjan/Lipljan,1301e,Lipjan/Lipljan,"Shkolla Fillore ""Ismail Luma""","Osnovna Škola ""Ismail Luma""",,
2,13,Lipjan/Lipljan,1301x,Lipjan/Lipljan,Shkolla e Mesme - Ulpiana,Srednja Škola - Ulpiana,,
3,13,Lipjan/Lipljan,1302e,Magure/Magura,"Shkolla Fillore ""Jeronim de Rada""","Osnovna Škola ""Jeronim de Rada""",,
4,13,Lipjan/Lipljan,1303e,Janjevë/Janjevo,"Shkolla ""Janjevë""","Škola ""Janjevo Škola""",,
5,13,Lipjan/Lipljan,1304e,Shalë/Sedlare,"Shkolla Fillore ""Idriz Ajeti""","Osnovna Škola ""Idriz Ajeti""",,
6,13,Lipjan/Lipljan,1305e,Krajishtë/Krajište,"Shkolla Fillore ""Skenderbeu""","Osnovna Škola ""Skenderbeu""",,
7,13,Lipjan/Lipljan,1306e,Babush i Muhaxherëve/Muhadžer Babuš,"Shkolla Fillore ""Ernest Koliqi""","Osnovna Škola ""Ernest Koliqi""",,
8,13,Lipjan/Lipljan,1307e,Gadimja e Ulët/Donje Gadimlje,"Shkolla Fillore ""Zenel Hajdini""","Osnovna Škola ""Zenel Hajdini""",,
9,13,Lipjan/Lipljan,1308e,Llugaxhia/Lugadžija,"Shkolla Fillore ""Hasan Prishtina""","Osnovna Škola ""Hasan Prishtina""",,
10,13,Lipjan/Lipljan,1311e,Lipjan/Lipljan,"Shkolla Fillore ""Braca Aksic""","Osnovna Škola ""Braca Aksic""",,
11,13,Lipjan/Lipljan,1314e,Medvec/Medvece,"Shkolla ""Jeronim De Rada""","Škola ""Jeronim De Rada""",,
12,13,Lipjan/Lipljan,1315e,Lipjan/Lipljan,"Shkolla Fillore""Ismail Luma""","Osnovna Škola ""Ismail Luma""",,
13,13,Lipjan/Lipljan,1316e,Hallaqi i Vogël/Mali Alaš,"Shkolla Fillore ""Hallaqi""","Osnovna Škola ""Alaš""",,
14,13,Lipjan/Lipljan,1317e,Sllovi/Slovinje,"Shkolla Fillore ""Hasan Zyko Kamberi""","Osnovna Škola ""Hasan Zyko Kamberi""",,
15,13,Lipjan/Lipljan,1319e,Grack e Vjetër/Staro Gracko,"Shkolla ""Braća Aksić""","Škola ""Braća Aksić""",,
16,13,Lipjan/Lipljan,1320e,Rubovc/Rabovce,"Shtëpi Private ""Stanoje Djokic""","Privatna Kuća ""Stanoje Djokic""",,
17,13,Lipjan/Lipljan,1322e,Dobrajë e Madhe/Velika Dobraja,Shkolla Fillore ''Hivzi Sylejmani'',Osnovna Škola ''Hivzi Sylejmani'',,
18,13,Lipjan/Lipljan,1323e,Ruvc i Ri/Novo Rujce,"Shkolla Fillore 'Migjeni""","Osnovna Škola 'Migjeni""",,
19,13,Lipjan/Lipljan,1324e,Resinovc/Rusinovce,"Shkolla Fillore"" Idriz Ajeti""","Osnovna Škola"" Idriz Ajeti""",,
20,13,Lipjan/Lipljan,1325e,Banulle/Bandulic,"Shkolla Fillore ""Vëllezërit Frashëri""","Osnovna Škola ""Vëllezërit Frashëri""",,
21,13,Lipjan/Lipljan,1326e,Krojmir/Krajmirovce,"Shkolla Fillore ""Faik Konica""","Osnovna Škola ""Faik Konica""",,
22,13,Lipjan/Lipljan,1327e,Poturoci/Poturovce,"Shkolla Fillore"" Hivzi Sylejmani""","Osnovna Škola"" Hivzi Sylejmani""",,
23,13,Lipjan/Lipljan,1328e,Ribar i Madh/Veliki Ribar,"Shkolla Fillore ""Kadri Beba""","Osnovna Škola ""Kadri Beba""",,
24,13,Lipjan/Lipljan,1329e,Rubovc/Rabovce,"Shkolla Fillore ""Drita""","Osnovna Škola ""Drita""",,
25,13,Lipjan/Lipljan,1330e,Smallushe /Smolusa,"Shkolla Fillore ""Ibrahim Krasniqi""","Osnovna Škola ""Ibrahim Krasniqi""",,
26,13,Lipjan/Lipljan,1331e,Topliqan/Toplicane,"Shkolla Fillore ""Topliqani""","Osnovna Škola ""Topliqani""",,
1,14,Novobërdë/Novo Brdo,1401d,Novobërdë/Novo Brdo,"Shkolla Fillore ""Minatori""","Osnovna Škola ""Minatori""",,
2,14,Novobërdë/Novo Brdo,1402d,Llabjan/Labljane,"Shkolla Fillore ""Asdreni""","Osnovna Škola ""Asdreni""",,
3,14,Novobërdë/Novo Brdo,1403d,Prekoc/Prekovce,"Shkolla Fillore""Dositej Obradovic""","Osnovna Škola ""Dositej Obradović""",,
4,14,Novobërdë/Novo Brdo,1404d,Bostanë/Bostane,"Shkolla Fillore ""Miladin Popović""","Osnovna Škola ""Miladin Popović""",,
5,14,Novobërdë/Novo Brdo,1406d,Jasenovik/Jasenoviku,"Shkolla Fillore ""Sveti Sava""","Osnovna Škola ""Sveti Sava""",,
6,14,Novobërdë/Novo Brdo,1407d,Vlasoli/Vllase,"Shkolla Fillore ""Minatori""","Osnovna Škola ""Minatori""",,
7,14,Novobërdë/Novo Brdo,1408d,Pasjaku/Pasjak,"Shkolla Fillore ""Nushi dhe Tefiku""","Osnovna Škola ""Nushi dhe Tefiku""",,
8,14,Novobërdë/Novo Brdo,1409d,Bostanë/Bostane,Shkolla e Mesme Ekonomike Bostanë,Srednja Ekonomska Skola Bostane,,
9,14,Novobërdë/Novo Brdo,1410d,Zebince/Zebnica,"Shkolla Fillore""Dositej Obradovic""","Osnovna Škola""Dositej Obradovic""",,
10,14,Novobërdë/Novo Brdo,1411d,Paralove/Parllova,"Shkolla Fillore ""Sveti Sava""","Osnovna Škola ""Sveti Sava""",,
11,14,Novobërdë/Novo Brdo,1412d,Koretishte/Koretiste,"Shkolla Fillore ""Bora Stanković""","Osnovna Škola ""Bora Stanković""",,
12,14,Novobërdë/Novo Brdo,1413d,Stanishor/Stanishori,"Shkolla Fillore ""Petar Petrović Njegoš""","Osnovna Škola ""Petar Petrović Njegoš""",,
13,14,Novobërdë/Novo Brdo,1414d,Strazhe/Straza,"Shkolla Fillore ""Bora Stanković""","Osnovna Škola ""Bora Stanković""",,
14,14,Novobërdë/Novo Brdo,1415d,Kufce e Eperme/Gornja Kufca,"Shkolla e Mesme ""Dragi Popović""","Srednja Škola ""Dragi Popović""",,
15,14,Novobërdë/Novo Brdo,1416d,Makresh i Epërm/Gornji Makres,"Shkolla Fillore ""Petar Petrović Njegoš""","Osnovna Škola ""Petar Petrović Njegoš""",,
16,14,Novobërdë/Novo Brdo,1417d,Bolefc/Bolevac,"Shkolla Fillore ""Bratstvo""","Osnovna Škola ""Bratstvo""",,
17,14,Novobërdë/Novo Brdo,1418d,Bushince/Businca,"Shkolla Fillore ""Desanka Maksimović""","Osnovna Škola ""Desanka Maksimović""",,
18,14,Novobërdë/Novo Brdo,1419d,Makresh i poshtëm/Donji Makres,"Shkolla Fillore ""Skenderbeu""","Osnovna Škola ""Skenderbeu""",,
19,14,Novobërdë/Novo Brdo,1420d,Stanishor/Stanishori,"Shkolla Fillore ""Nushi e Tefiku""","Osnovna skola""Nushi e Tefiku""",,
1,15,Obiliq/Obilić,1501e,Obiliq/Obilić,"Shkolla ""Ibrahim Rugova""","Škola ""Ibrahim Rugova""",,
2,15,Obiliq/Obilić,1502e,Milloshevë/Miloševo,"Shkolla ""Liria""","Škola ""Liria""",,
3,15,Obiliq/Obilić,1503e,Brezhnicë/Breznica,"Shkolla ""Naim Frashëri""","Škola ""Naim Frashëri""",,
4,15,Obiliq/Obilić,1504e,Hade/Ade,"Shkolla ""Fazli Graiqevci""","Škola ""Fazli Graiqevci""",,
5,15,Obiliq/Obilić,1505e,Sibofc/Sibovac,"Shkolla ""Migjeni""","Škola ""Migjeni""",,
6,15,Obiliq/Obilić,1507e,Babimoc/Babin Most,"Shkolla ""Milan Rakic""","Škola""Milan Rakic""",,
7,15,Obiliq/Obilić,1509e,Palaj/Crkvena Vodica,"Shkolla ""Dositej Obradović""","Škola ""Dositej Obradović""",,
8,15,Obiliq/Obilić,1511e,Kampi Plemetin/Plemetina Kamp,"Shkolla Fillore "" Pandeli Sotiri""","Osnovna Škola "" Pandeli Sotiri""",,
9,15,Obiliq/Obilić,1512e,Plemetin/Plemetina,"Shkolla Fillore "" Sveti Sava""","Osnovna Škola "" Sveti Sava""",,
10,15,Obiliq/Obilić,1514e,Obiliq/Obilić,Shtëpi private afër Shkollës së vjetër,Privatna kuća blizu stare Škole,,
11,15,Obiliq/Obilić,1515e,Obiliq/Obilić,"""Salla e Kuvendit Komunal""","Sala "" Skupstine Opstine""",,
12,15,Obiliq/Obilić,1519e,Krushec/Krusevac,"Shkolla Fillore "" Abdurrahman Gerguri""","Osnovna Škola ""Abdurrahman Gerguri""",,
13,15,Obiliq/Obilić,1520e,Mazgit/Mazgit,"Shkolla Fillore "" Pandeli Sotiri""","Osnovna Škola "" Pandeli Sotiri""",,
14,15,Obiliq/Obilić,1521e,Graboc i Epërm/Gornji Grabovac,"Shkolla Fillore ""Migjeni""","Osnovna Škola ""Migjeni""",,
1,16,Rahovec/Orahovac,1601a,Rahovec/Orahovac,"Shkolla ""Mihail Grameno""","Škola ""Mihail Grameno""",,
2,16,Rahovec/Orahovac,1602a,Rahovec/Orahovac,"Shkolla ""Xhelal Hajda-Toni""","Škola ""Xhelal Hajda-Toni""",,
3,16,Rahovec/Orahovac,1602x,Rahovec/Orahovac,"Shkolla ""7 Shtatori""","Škola ""7 Shtatori""",,
4,16,Rahovec/Orahovac,1603a,Zoqishtë/Zočište,"Shkolla Fillore ""Haki Stermilli""","Osnovna Škola ""Haki Stermilli""",,
5,16,Rahovec/Orahovac,1604a,Reti/Retimlje,"Shkolla Fillore ""Haki Stërmilli""","Osnovna Škola ""Haki Stërmilli""",,
6,16,Rahovec/Orahovac,1605a,Zatriq/Zatrić,"Shkolla Fillore ""Vëllezërit Frashëri""","Osnovna Škola ""Vëllezërit Frashëri""",,
7,16,Rahovec/Orahovac,1606a,Pastasellë/Pusto Selo,"Shkolla Fillore ""Jusuf Gërvalla""","Osnovna Škola ""Jusuf Gërvalla""",,
8,16,Rahovec/Orahovac,1607a,Kramovik/Kramovik,"Shkolla ""Rilindja""","Škola ""Rilindja""",,
9,16,Rahovec/Orahovac,1608a,Krushë e Madhe/Velika Kruša,"Shkolla ""Bajram Curri""","Škola ""Bajram Curri""",,
10,16,Rahovec/Orahovac,1609a,Hoçë e Vogël/Mala Hoča,"Shkolla ""Heronjtë e Kosovës""","Škola ""Heronjtë e Kosovës""",,
11,16,Rahovec/Orahovac,1610a,Xërxë/Zrze,"Shkolla Fillore ""Hamëz Thaçi""","Osnovna Škola ""Hamëz Thaçi""",,
12,16,Rahovec/Orahovac,1611a,Potoqan i Ulët/Donje Potočane,"Shkolla Fillore ""Liria""","Osnovna Škola ""Liria""",,
13,16,Rahovec/Orahovac,1612a,Ratkoc/Ratkovac,"Shkolla ""Katër Dëshmorët e Ratkocit""","Škola ""Katër Dëshmorët e Ratkocit""",,
14,16,Rahovec/Orahovac,1619a,Rahovec/Orahovac,"Shkolla ""Vuk Karadžić""","Škola ""Vuk Karadžić""",,
15,16,Rahovec/Orahovac,1620a,Hoçë e Madhe/Velika Hoča,"Shkolla Fillore ""Svetozar Marković""","Osnovna Škola ""Svetozar Marković""",,
16,16,Rahovec/Orahovac,1621a,Malësi e Vogël/Radoste,"Shkolla Fillore ""Skender Kastrati""","Osnovna Škola ""Skender Kastrati""",,
17,16,Rahovec/Orahovac,1622a,Opterushë/Opteruša,"Shkolla ""Lidhja e Prizrenit""","Škola ""Lidhja e Prizrenit""",,
18,16,Rahovec/Orahovac,1623a,Çiflak/Čiflak,"Shkolla ""Rilindja""","Škola ""Rilindja""",,
19,16,Rahovec/Orahovac,1624a,Bellacërkvë/Bela Crkva,"Shkolla ""Liria""","Škola ""Liria""",,
20,16,Rahovec/Orahovac,1625a,Dejnë/Danjane,"Shkolla ""Rudolf Walther""","Škola ""Rudolf Walther""",,
21,16,Rahovec/Orahovac,1626a,Rahovec/Orahovac,"Shkolla Fillore ""Isa Boletini""","Osnovna Škola ""Isa Boletini""",,
22,16,Rahovec/Orahovac,1627a,Celinë/Celina,"Shkolla Fillore ""Faik Konica""","Osnovna Škola ""Faik Konica""",,
23,16,Rahovec/Orahovac,1628a,Drenoci/Drenovac,"Shkolla Fillore ""Vëllezerit Frasheri""","Osnovna Škola ""Vëllezerit Frasheri""",,
24,16,Rahovec/Orahovac,1629a,Mrasori/Mrasor,"Shkolla Fillore"" Petro Nino Luarasi""","Osnovna Škola"" Petro Nino Luarasi""",,
25,16,Rahovec/Orahovac,1630a,Sopinici/Sopnic,"Shkolla Fillore ""Liria - Sapniq""","Osnovna Škola ""Liria - Sapniq""",,
26,16,Rahovec/Orahovac,1631a,Polluzhe/Poluza,"Shkolla Fillore ""Sylejman Vokshi""","Osnovna Škola ""Sylejman Vokshi""",,
27,16,Rahovec/Orahovac,1632a,Vrajak/Bratatin,"Shkolla Fillore ""Vrajak-Bratatin""","Osnovna Škola ""Vrajak-Bratatin""",,
28,16,Rahovec/Orahovac,1633a,Rahovec/Orahovac,"Shkolla Fillore ""Ardhmeria""","Osnovna Škola ""Ardhmeria""",,
29,16,Rahovec/Orahovac,1634a,Senoc/Sanovac,"Shkolla Fillore"" Vellezerit Frasheri""","Osnovna Škola"" Vellezerit Frasheri""",,
30,16,Rahovec/Orahovac,1635a,Pataqan i Eperm/Gornje Potoqane,"Shkolla Fillore""Pataqan I Eperm""","Osnovna Škola""Pataqan I Eperm""",,
31,16,Rahovec/Orahovac,1637a,Doberdol/Dobri Dol,"Shkolla Fillore""Rudolf Walter""","Osnovna Škola""Rudolf Walter""",,
32,16,Rahovec/Orahovac,1638a,Nagavc/Nogavac,"Shkolla Fillore""Bajram Curri""","Osnovna Škola""Bajram Curri""",,
33,16,Rahovec/Orahovac,1639a,Reti e Poshtme/Donje Retinje,"Shkolla Fillore""Haki Stermilli""","Osnovna Škola""Haki Stermilli""",,
34,16,Rahovec/Orahovac,1640a,Gexhe/Gedza,"Shkolla Fillore""Skender Kastrati""","Osnovna Škola""Skender Kastrati""",,
35,16,Rahovec/Orahovac,1641a,Guri Kuq/Petkoviq,"Shkolla Fillore ""Rilindja""","Osnovna skola""Rilindja""",,
1,17,Pejë/Peć,1701c,Pejë/Peć,"Shkolla Fillore ""Asdreni""","Osnovna Škola ""Asdreni""",,
2,17,Pejë/Peć,1702c,Pejë/Peć,"Shkolla Fillore ""Vaso Pashë Shkodrani""","Osnovna Škola ""Vaso Pashë Shkodrani""",,
3,17,Pejë/Peć,1703c,Pejë/Peć,"Shkolla Fillore ""Lidhja e Prizrenit ""","Osnovna Škola ""Lidhja e Prizrenit """,,
4,17,Pejë/Peć,1704c,Pejë/Peć,"Shkolla Fillore ""Ramiz Sadiku''","Osnovna Škola ""Ramiz Sadiku''",,
5,17,Pejë/Peć,1704x,Pejë/Peć,"Fakulteti i Biznesit ""Haxhi Zeka""","Fakultet Biznesa ""Haxhi Zeka""",,
6,17,Pejë/Peć,1704y,Pejë/Peć,"Shkolla e Mesme Teknike "" Shaban Spahia"" (ish Birov Shkolla)","Srednja Tehnićcka Škola "" Shaban Spahia"" (bivsi Birov Škola)",,
7,17,Pejë/Peć,1705c,Pejë/Peć,"Shkolla Fillore ""Xhemajl Kada""","Osnovna Škola ""Xhemajl Kada""",,
8,17,Pejë/Peć,1705x,Pejë/Peć,Instituti i Agronomisë,Institut Agronomije,,
9,17,Pejë/Peć,1706c,Vitomiricë/Vitomirica,"Shkolla Fillore ""7 Shtatori""","Osnovna Škola ""7 Septembar""",,
10,17,Pejë/Peć,1707c,Novosellë/Novo Selo,"Shkolla Fillore ''Lidhja e Pejës""","Osnovna Škola ''Lidhja e Pejës""",,
11,17,Pejë/Peć,1708c,Zahaq/Zahać,"Shkolla Fillore ""Haxhi Zeka""","Osnovna Škola ""Haxhi Zeka""",,
12,17,Pejë/Peć,1709c,Poqestë/Počesće,"Shkolla Fillore ""Pjetër Budi""","Osnovna Škola ""Pjetër Budi""",,
13,17,Pejë/Peć,1710c,Tërstenik/Trstenik,"Shkolla Fillore ""Rilindja""","Osnovna Škola ""Rilindja""",,
14,17,Pejë/Peć,1711c,Kliqinë/Kličina,"Shkolla Fillore ""Naum Veqilharxhi""","Osnovna Škola ""Naum Veqilharxhi""",,
15,17,Pejë/Peć,1712c,Gllogjan/Glodjane,"Shkolla Fillore ""Migjeni""","Osnovna Škola ""Migjeni""",,
16,17,Pejë/Peć,1713c,Baran/Barane,"Shkolla Fillore ""Vllaznimi""","Osnovna Škola ""Vllaznimi""",,
17,17,Pejë/Peć,1714c,Raushiq/Raušić,"Shkolla Fillore ""28 Nëntori""","Osnovna Škola ""28 Nëntori""",,
18,17,Pejë/Peć,1715c,Gorazhdec/Gorždevac,"Shkolla ""Janko Javičević""","Škola ""Janko Javičević""",,
19,17,Pejë/Peć,1723c,Pejë/Peć,"Shkolla Fillore ""Dardania ""","Osnovna Škola ""Dardania """,,
20,17,Pejë/Peć,1724c,Krusheci/Krushevac,"Shkolla Fillore ""Fan S. Noli""","Osnovna Škola ""Fan S. Noli""",,
21,17,Pejë/Peć,1725c,Loxhë/Lođa,"Shkolla Fillore""2 Korriku""","Osnovna Škola""2 Korriku""",,
22,17,Pejë/Peć,1726c,Trebovic/Trebović,"Shkolla Fillore ""Skenderbeu""","Osnovna Škola ""Skenderbeu""",,
23,17,Pejë/Peć,1727c,Nabërgjan/Nabrđe,"Shkolla Fillore ""Ali Kelmendi""","Osnovna Škola ""Ali Kelmendi""",,
1,18,Podujevë/Podujevo,1801e,Podujevë/Podujevo,"Shkolla e Mesme ""Fan S. Noli""","Srednja Škola ""Fan S. Noli""",,
2,18,Podujevë/Podujevo,1801x,Podujevë/Podujevo,"Gimnazium ""Enver Malokui""","Gimnazium ""Enver Malokui""",,
3,18,Podujevë/Podujevo,1802e,Podujevë/Podujevo,"Shkolla e Mesme ""Shaban Shala""","Srednja Škola ""Shaban Shala""",,
4,18,Podujevë/Podujevo,1802x,Podujevë/Podujevo,"Shkolla Fillore ""Naim Frashëri""","Osnovna Škola ""Naim Frashëri""",,
5,18,Podujevë/Podujevo,1803e,Luzhanë/Lužane,Shkolla Fillore ''Afrimi E Fahriu'',Osnovna Škola ''Afrimi E Fahriu'',,
6,18,Podujevë/Podujevo,1804e,Kërpimeh/Krpimej,"Shkolla Fillore ''Hamit Sejdiu""","Osnovna Škola ''Hamit Sejdiu""",,
7,18,Podujevë/Podujevo,1805e,Pollatë/Polate,"Shkolla Fillore ''Shefki Latifi""","Osnovna Škola ''Shefki Latifi""",,
8,18,Podujevë/Podujevo,1806e,Zhiti/Žitinje,"Shkolla Fillore ""Sami Frashëri""","Osnovna Škola ""Sami Frashëri""",,
9,18,Podujevë/Podujevo,1807e,Bradash/Bradaš,Shkolla Fillore ''Nuhi Gashi'',Osnovna Škola ''Nuhi Gashi'',,
10,18,Podujevë/Podujevo,1808e,Bajqinë/Bajčina,"Shkolla Fillore ""Emin Duraku ""","Osnovna Škola ""Emin Duraku """,,
11,18,Podujevë/Podujevo,1809e,Dobratin/Dobrotin,"Shkolla Fillore ""Esat Mekuli""","Osnovna Škola ""Esat Mekuli""",,
12,18,Podujevë/Podujevo,1810e,Llapashticë e Epërme/Gornja Lapaštica,"Shkolla Fillore ""Naum Veqilharxhi""","Osnovna Škola ""Naum Veqilharxhi""",,
13,18,Podujevë/Podujevo,1811e,Katunishtë/Velika Reka,"Shkolla Fillore ""Ali Hadri""","Osnovna Škola ""Ali Hadri""",,
14,18,Podujevë/Podujevo,1812e,Gllamnik/Glavnik,"Shkolla Fillore ""Kongresi i Manastirit""","Osnovna Škola ""Kongresi i Manastirit""",,
15,18,Podujevë/Podujevo,1813e,Shajkofc/Šajkovac,"Shkolla ""Hasan Ramadani""","Škola ""Hasan Rmadani""",,
16,18,Podujevë/Podujevo,1814e,Sfeqël/Svetlje,"Shkolla Fillore ""Ali Ajeti""","Osnovna Škola ""Ali Ajeti""",,
17,18,Podujevë/Podujevo,1815e,Shtedim/Štedim,"Shkolla Fillore ""Sheqë Mirovci""","Osnovna Škola ""Sheqë Mirovci""",,
18,18,Podujevë/Podujevo,1816e,Batllavë/Batlava,Shkolla Fillore ''Luigj Gurakuqi'',Osnovna Škola ''Luigj Gurakuqi'',,
19,18,Podujevë/Podujevo,1817e,Tërnavë/Ternava,"Shkolla Fillore ""Shefki Kuleta""","Osnovna Škola ""Shefki Kuleta""",,
20,18,Podujevë/Podujevo,1818e,Orllan/Orlane,"Shkolla Fillore ""Zahir Pajaziti""","Osnovna Škola ""Zahir Pajaziti""",,
21,18,Podujevë/Podujevo,1819e,Majac/Majance,"Shkolla Fillore ""Drita""","Osnovna Škola ""Drita""",,
22,18,Podujevë/Podujevo,1820e,Dumnicë e Poshtme/Donja Dumnica,Shkolla Fillore ''Lasgush Poradeci'',Osnovna Škola ''Lasgush Poradeci'',,
23,18,Podujevë/Podujevo,1821e,Dumnicë e Epërme/Gornja Dumnica,"Shkolla Fillore ""Kadri Kadriu""","Osnovna Škola ""Kadri Kadriu""",,
24,18,Podujevë/Podujevo,1822e,Obranqë/Obranza,"Shkolla Fillore ""Ali Hadri""","Osnovna Škola ""Ali Hadri""",,
25,18,Podujevë/Podujevo,1824e,Podujevë/Podujevo,"Shkolla e Mesme Ekonomike ""Isa Boletini""","Srednja Ekonomska Škola ""Isa Boletini""",,
26,18,Podujevë/Podujevo,1827e,Lupçi i Poshtëm/Donje Ljupče,"Shkolla Fillore ""Zenel Hajdini""","Osnovna Škola ""Zenel Hajdini""",,
27,18,Podujevë/Podujevo,1828e,Herticë/Hertica,"Shkolla Fillore ""Rilindja""","Osnovna Škola ""Rilindja""",,
28,18,Podujevë/Podujevo,1829e,Ballofc/Balovac,"Shkolla Fillore "" Ali Ajeti""","Osnovna Škola "" Ali Ajeti""",,
29,18,Podujevë/Podujevo,1830e,Metehia/Metohija,"Shkolla Fillore ""Elfir Behrami""","Osnovna Škola ""Elfir Behrami""",,
30,18,Podujevë/Podujevo,1831e,Doberdoll/Dobri Do,"Shkolla Fillore""Jetullah Gashi""","Osnovna Škola""Jetullah Gashi""",,
31,18,Podujevë/Podujevo,1832e,Sibovc i Eperm/Gornji Sibovac,"Shkolla Fillore ""Pavaresia""","Osnovna Škola ""Pavaresia""",,
32,18,Podujevë/Podujevo,1833e,Letanc/Letance,"Shkolla Fillore""Hyzriu e Samiu""","Osnovna Škola""Hyzriu e Samiu""",,
33,18,Podujevë/Podujevo,1834e,Lluge/Lug,"Shkolla Fillore ""Ilir Konushefci""","Osnovna Škola ""Ilir Konushefci""",,
34,18,Podujevë/Podujevo,1835e,Burice/Burince,"Shkolla Fillore ""Eqrem Qabej""","Osnovna Škola ""Eqrem Qabej""",,
35,18,Podujevë/Podujevo,1836e,Dyz/Duz,"Shkolla Fillore ""Jetullah Islami""","Osnovna Škola ""Jetullah Islami""",,
36,18,Podujevë/Podujevo,1837e,Gerdoc/Grdovac,"Shkolla Fillore ""Luigj Gurakuqi""","Osnovna Škola ""Luigj Gurakuqi""",,
37,18,Podujevë/Podujevo,1838e,Laldoc/Ladovac,"Shkolla Fillore ""Ali Ajeti""","Osnovna Škola ""Ali Ajeti""",,
38,18,Podujevë/Podujevo,1839e,Lalapashtice e Poshtme/Donja Lapastica,"Shkolla Fillore ""Dituria""","Osnovna Škola ""Dituria""",,
39,18,Podujevë/Podujevo,1840e,Llaushe/Lausa,"Shkolla Fillore ""Kadri Kadriu""","Osnovna Škola ""Kadri Kadriu""",,
40,18,Podujevë/Podujevo,1841e,Peran/Perane,"Shkolla Fillore ""Ali Hadri""","Osnovna Škola ""Ali Hadri""",,
41,18,Podujevë/Podujevo,1842e,Bervenik/Brvenik,"Shkolla Fillore ""Jahe Hasani""","Osnovna Škola ""Jahe Hasani""",,
42,18,Podujevë/Podujevo,1843e,Dumosh/Dumos,"Shkolla Fillore ""Musli Dumoshi""","Osnovna Škola ""Musli Dumoshi""",,
43,18,Podujevë/Podujevo,1844e,Pakashtice e Eperme/Gornja Pakastica,"Shkolla Fillore ""Hamit Sejdiu ""","Osnovna Škola ""Hamit Sejdiu """,,
1,19,Prishtinë/Priština,1901e,Prishtinë/Priština - Mahalla e Muhagjerëve/Muhazer Mahala,"Shkolla ""Naim Frashëri""","Škola ""Naim Frashëri""",,
2,19,Prishtinë/Priština,1902e,Prishtinë/Priština - Katër Llullat,"Shkolla ""Sami Frashëri""","Škola ""Sami Frashëri""",,
3,19,Prishtinë/Priština,1903e,Prishtinë/Priština - Lagja Pejton,"Shkolla ""Faik Konica""","Škola ""Faik Konica""",,
4,19,Prishtinë/Priština,1904e,Prishtinë/Priština - Dardania,"Shkolla ""Dardania""","Škola ""Dardania""",,
5,19,Prishtinë/Priština,1905e,Prishtinë/Priština -Lakrishte,"Shkolla ""Shtjefën Gjeçovi""","Škola ""Shtjefën Gjeçovi""",,
6,19,Prishtinë/Priština,1906e,Prishtinë/Priština - Qendër/Centar,Fakulteti Filologjik,Folološki Fakultet,,
7,19,Prishtinë/Priština,1907e,Prishtinë/Priština - Bregu i Diellit,Fakulteti Teknik,Tehnićki Fakultet,,
8,19,Prishtinë/Priština,1908e,Prishtinë/Priština - Bregu i Diellit,Fakulteti Teknik,Tehnićki Fakultet,,
9,19,Prishtinë/Priština,1909e,Prishtinë/Priština - Ulpiana,"Shkolla ""Hasan Prishtina""","Škola ""Hasan Prishtina""",,
10,19,Prishtinë/Priština,1910e,Prishtinë/Priština - Lagja e Spitalit,"Shkolla e Mjekësisë ""Ali Sokoli""","Medicinska Škola ""Ali Sokoli""",,
11,19,Prishtinë/Priština,1911e,Prishtinë-Bregu i Diellit,"Shkolla ""Ismajl Qemali""","Škola ""Ismajl Qemali""",,
12,19,Prishtinë/Priština,1912e,Prishtinë-Bregu i Diellit,Salla e Sporteve,Halla Sportova,,
13,19,Prishtinë/Priština,1913e,Prishtinë/Priština - Qytet/Grad,Fakulteti Ekonomik-Juridik,Ekonomski-Pravni Fakultet,,
14,19,Prishtinë/Priština,1914e,Prishtinë/Priština - Mahalla e Muhagjerëve/Muhazer Mahala,"Shkolla ""Naim Frashëri""","Škola ""Naim Frashëri""",,
15,19,Prishtinë/Priština,1915e,Prishtinë/Priština - Bregu i Diellit II,"Shkolla ""Iliria""","Škola ""Iliria""",,
16,19,Prishtinë/Priština,1916e,Prishtinë/Priština - Katër Llullat,"Shkolla ""Elena Gjika""","Škola ""Elena Gjika""",,
17,19,Prishtinë/Priština,1917e,Prishtinë/Priština - Taslixhe,"Shkolla ""Gjergj Fishta""","Škola ""Gjergj Fishta""",,
18,19,Prishtinë/Priština,1918e,Prishtinë/Priština - Tauk Bahqe,"Shkolla ElektroTeknike ""Gjin Gazulli""","ElektroTehnićka Škola ""Gjin Gazulli""",,
19,19,Prishtinë/Priština,1919e,Prishtinë/Priština - Katër Llullat,"Aneks I Gjimnazit ""Sami Frasheri"" (ish shkolla teknike)","Aneks Gimnazija ""Sami Frasheri""",,
20,19,Prishtinë/Priština,1919x,Prishtinë/Priština - Katër Llullat,"Shkolla ""Pjetër Bogdani""","Škola ""Pjetër Bogdani""",,
21,19,Prishtinë/Priština,1920e,Prishtinë/Priština - Kodra e Trimave,"Shkolla ""Zenel Hajdini""","Škola ""Zenel Hajdini""",,
22,19,Prishtinë/Priština,1920x,Prishtinë/Priština - Kodra e Trimave,"Shkolla ""Nazim Gafurri""","Škola ""Nazim Gafurri""",,
23,19,Prishtinë/Priština,1921e,Prishtinë/Priština - Kodra e Trimave,"Shkolla ""Asim Vokshi""","Škola ""Asim Vokshi""",,
24,19,Prishtinë/Priština,1921x,Prishtinë/Priština - Kodra e Trimave,"Shkolla ""Nazim Gafurri""","Škola ""Nazim Gafurri""",,
25,19,Prishtinë/Priština,1922e,Prishtinë/Priština - Xhamia e Llapit/Lap Djamia,"Shkolla ""Emin Duraku''","Škola ""Emin Duraku''",,
26,19,Prishtinë/Priština,1923e,Prishtinë/Priština - Dardania,"Shkolla e Mesme Ekonomike ""Hoxhë Kadri Prishtina""","Srednja Ekonomska Škola""Hoxhë Kadri Prishtina""",,
27,19,Prishtinë/Priština,1924e,Baholli/Baholi,"Shkolla ""Meto Bajraktari""","Škola ""Meto Bajraktari""",,
28,19,Prishtinë/Priština,1925e,Baholli/Baholi,"Shkolla ""Meto Bajraktari""","Škola ""Meto Bajraktari""",,
29,19,Prishtinë/Priština,1926e,Matiçan/Matičane,"Shkolla ""Mitrush Kuteli""","Škola ""Mitrush Kuteli""",,
30,19,Prishtinë/Priština,1927e,Hajvali/Ajvalia,"Shkolla ""Shkëndija""","Škola ""Shkëndija""",,
31,19,Prishtinë/Priština,1928e,Shkabaj/Orlovič,"Shkolla ""Dituria""","Škola ""Dituria""",,
32,19,Prishtinë/Priština,1931e,Nëntë Jugoviqët/Devet Jugovića,"Shkolla ""Anton Zako Çajupi""","Škola ""Anton Zako Çajupi""",,
33,19,Prishtinë/Priština,1933e,Besi/Besinje,"Shkolla ""Nexhmi Mustafa""","Škola ""Nexhmi Mustafa""",,
34,19,Prishtinë/Priština,1934e,Barilevë/Bariljevo,"Shkolla ""Ali Kelmendi""","Škola ""Ali Kelmendi""",,
35,19,Prishtinë/Priština,1935e,Mramori/Mramor,"Shkolla ""Avni Rrustemi""","Škola ""Avni Rrustemi""",,
36,19,Prishtinë/Priština,1936e,Slivovë/Slivovo,"Shkolla ""Filip Shiroka""","Škola ""Filip Shiroka""",,
37,19,Prishtinë/Priština,1937e,Marefc/Marevce,"Shkolla ""Fan Noli""","Škola ""Fan Noli""",,
38,19,Prishtinë/Priština,1939e,Sharban/Šarban,"Shkolla ""Nëna Terezë""","Škola ""Nëna Terezë""",,
39,19,Prishtinë/Priština,1940e,Llukarë/Lukare,"Shkolla ""Ganimete Tërbeshi""","Škola ""Ganimete Tërbeshi""",,
40,19,Prishtinë/Priština,1941e,Koliq/Kolić,"Shkolla ""Tefik Çanga""","Škola ""Tefik Çanga""",,
41,19,Prishtinë/Priština,1942e,Keçekoll/Kačikol,"Shkolla ""Rilindja""","Škola ""Rilindja""",,
42,19,Prishtinë/Priština,1943e,Dabishefc/Dabiševac,"Shkolla ""Azem e Salihu""","Škola ""Azem e Salihu""",,
43,19,Prishtinë/Priština,1949e,Bregu I Diellit/Pristina,Technical Faculty,Technical Faculty,,
44,19,Prishtinë/Priština,1951e,Prishtinë/Priština,Ndërtesat e YU programit-Qendra e Komuniteteve,Stanovi YU Programa-Centar za Zajednice,,
45,19,Prishtinë/Priština,1952e,Slivova e Epërme/Gornje Slivovo,"Shkolla Fillore ""Vuk Karadžić""","Osnovna Škola ""Vuk Karadžić""",,
46,19,Prishtinë/Priština,1953e,Bërnicë e Poshtme/Donja Brnjica,"Shkolla Fillore ""Dimitrije Prica""","Osnovna Škola ""Dimitrije Prica""",,
47,19,Prishtinë/Priština,1954e,Bërnicë e Epërme/Gornja Brnjica,"Shkolla Fillore ""Dimitrije Prica""","Osnovna Škola ""Dimitrije Prica""",,
48,19,Prishtinë/Priština,1955e,Nëntë Jugoviç/Devet Jugovića,"Shkolla Fillore ""Dimitrije Prica""","Osnovna Škola ""Dimitrije Prica""",,
49,19,Prishtinë/Priština,1956e,Vranidoll/Vrani do,"Shkolla Fillore ""Nene Tereza""","Osnovna Škola ""Nene Tereza""",,
50,19,Prishtinë/Priština,1957e,Teneshdoll/Tenes do,"Shkolla Fillore ""Nene Tereza""","Osnovna Škola ""Nene Tereza""",,
51,19,Prishtinë/Priština,1958e,Shashkoc/Saskovac,"Shkolla Fillore ""Ditet e Minatorit""","Osnovna Škola ""Ditet e Minatorit""",,
52,19,Prishtinë/Priština,1959e,Rimanishte/Rimaniste,"Shkolla Fillore ""Nexhmi Mustafa""","Osnovna Škola ""Nexhmi Mustafa""",,
53,19,Prishtinë/Priština,1960e,Prugoc/Prugoce,"Shkolla Fillore ""Nexhmi Mustafa""","Osnovna Škola ""Nexhmi Mustafa""",,
54,19,Prishtinë/Priština,1961e,Kllokoq/Kloko,"Shkolla Fillore ""Liria""","Osnovna Škola ""Liria""",,
55,19,Prishtinë/Priština,1962e,Busi/Businje,"Shkolla Fillore ""Isa Boletini""","Osnovna Škola ""Isa Boletini""",,
56,19,Prishtinë/Priština,1963e,Mareci (Bullaj)/Marevce (Bullovi Mahala),"Shkolla Fillore ""Iliria""","Osnovna Škola ""Iliria""",,
1,20,Prizren/Prizren,2001a,Shaban Polluzha /Šaban Poluža - Prizren,"Shkolla e Mesme ""Remzi Ademaj""","Srednja Škola ""Remzi Ademaj""",,
2,20,Prizren/Prizren,2002a,Dushanovë (Arbana)/Dušanovo - Prizren,"Shkolla Fillore ""Ibrahim Fehmiu""","Osnovna Škola ""Ibrahim Fehmiu""",,
3,20,Prizren/Prizren,2003a,28 November/Ortakol - Prizren,"Shkolla Fillore ""Abdyl Frashëri""","Osnovna Škola ""Abdyl Frashëri""",,
4,20,Prizren/Prizren,2004a,7 September - Prizren,"Shkolla Fillore ""Motrat Qiriazi""","Osnovna Škola ""Motrat Qiriazi""",,
5,20,Prizren/Prizren,2005a,24 May - Prizren,"Shkolla e Mesme ""Gjon Buzuku""","Srednja Škola ""Gjon Buzuku""",,
6,20,Prizren/Prizren,2005x,24 May - Prizren,"Shkolla Fillore ""Mustafa Bakiu""","Osnovna Škola ""Mustafa Bakiu""",,
7,20,Prizren/Prizren,2006a,Tusus - Prizren,"Shkolla ""Fadil Hisari""","Škola ""Fadil Hisari""",,
8,20,Prizren/Prizren,2006x,Tusus - Prizren,"Universiteti i Prizrenit ""Ukshin Hoti""","Universitet Prizren ""Ukshin Hoti""",,
9,20,Prizren/Prizren,2007a,11 March - Prizren,"Shkolla Fillore ""Lek Dukagjini""","Osnovna Škola ""Lek Dukagjini""",,
10,20,Prizren/Prizren,2008a,2 July - Prizren,"Shkolla e Mesme ""Luciano Matroni""","Srednja Škola ""Luciano Matroni""",,
11,20,Prizren/Prizren,2009a,Lakuriq/Mati Logoreci - Prizren,"Shkolla Fillore ""Mati Logoreci""","Osnovna Škola ""Mati Logoreci""",,
12,20,Prizren/Prizren,2010a,Pouskë/Pousko,"Shkolla Fillore ""Sharr""","Osnovna Škola ""Sharr""",,
13,20,Prizren/Prizren,2011a,Mushnikovë/Mušnikovo,"Shkolla Fillore ""Mushnikova""","Osnovna Škola ""Mushnikova""",,
14,20,Prizren/Prizren,2012a,Serbicë e Ultë/Donje Srbica,"Shkolla Fillore ""Zenel Hajdini""","Osnovna skola ""Zenel Hajdini""",,
15,20,Prizren/Prizren,2013a,Lubizhdë/Ljubižda,"Shkolla Fillore ""Ekrem Rexha""","Osnovna Škola ""Ekrem Rexha""",,
16,20,Prizren/Prizren,2014a,Lutogllavë/Ljutoglav,"Shkolla Fillore ""Besim Ndreca""","Osnovna Škola ""Besim Ndreca""",,
17,20,Prizren/Prizren,2015a,Gjonaj/Djonaj,"Shkolla Fillore ""Zenun Çoçaj""","Osnovna Škola ""Zenun Çoçaj""",,
18,20,Prizren/Prizren,2016a,Lubiqevë/Ljubičevo,"Shkolla Fillore ""Mic Sokoli""","Osnovna Škola ""Mic Sokoli""",,
19,20,Prizren/Prizren,2017a,Gorozhup/Gorožup,"Shkolla ""Vëllezërit Frashëri""","Škola ""Vëllezërit Frashëri""",,
20,20,Prizren/Prizren,2018a,Romajë/Romaja,"Shkolla Fillore ""Bajram Curri""","Osnovna Škola ""Bajram Curri""",,
21,20,Prizren/Prizren,2019a,Zojiz/Zojič,"Shkolla Fillore ""Sinan Thaçi""","Osnovna Škola ""Sinan Thaçi""",,
22,20,Prizren/Prizren,2020a,Piranë/Pirane,"Shkolla Fillore ""Zenel Hajdini""","Osnovna Škola ""Zenel Hajdini""",,
23,20,Prizren/Prizren,2021a,Landovicë/Landovica,"Shkolla Fillore ""Ardhmëria""","Osnovna Škola ""Ardhmëria""",,
24,20,Prizren/Prizren,2022a,Dobrushtë/Dobruste,"Shkolla Fillore ""Heronjtë e Lumes""","Osnovna skola""Heronjtë e Lumes""",,
25,20,Prizren/Prizren,2023a,Korishë/Koriša,"Shkolla Fillore ""Sezai Surroi""","Osnovna Škola ""Sezai Surroi""",,
26,20,Prizren/Prizren,2024a,Zym/Zjum,"Shkolla Fillore ""Shtjefën Gjeçov""","Osnovna Škola ""Shtjefën Gjeçov""",,
27,20,Prizren/Prizren,2025a,Velezhë/Veleža,"Shkolla Fillore ""Zef Lush Marku""","Osnovna Škola ""Zef Lush Marku""",,
28,20,Prizren/Prizren,2026a,Hoçë e Qytetit/Zagradska Hoča,"Shkolla Fillore ""Nazim Buduri""","Osnovna Škola ""Nazim Buduri""",,
29,20,Prizren/Prizren,2027a,Randobravë/Randobrava,"Shkolla Fillore ""Idriz Seferi""","Osnovna Škola ""Idriz Seferi""",,
30,20,Prizren/Prizren,2028a,Drajçiq/Drajčići,"Shkolla Fillore ""Drajčići""","Osnovna Škola ""Drajčići""",,
31,20,Prizren/Prizren,2029a,Nashec/Našec,"Shkolla Fillore ""Luigj Gurakuqi""","Osnovna Škola ""Luigj Gurakuqi""",,
32,20,Prizren/Prizren,2030a,Lubizhdë e Hasit/Ljubižda Has,"Shkolla Fillore ""Pjetër Budi""","Osnovna Škola ""Pjetër Budi""",,
33,20,Prizren/Prizren,2031a,Gornosellë/Gornjaselo,"Shkolla Fillore ""Mushnikova""","Osnovna skola""Mushnilova""",,
34,20,Prizren/Prizren,2032a,Vllashnjë/Vlašnja,"Shkolla Fillore ""Naim Frashëri""","Osnovna Škola ""Naim Frashëri""",,
35,20,Prizren/Prizren,2033a,Zhur/Zur,"Shkolla Fillore ""Dëshmorët e Zhurit""","Osnovna Škola ""Dëshmorët e Zhurit""",,
36,20,Prizren/Prizren,2034a,Reçan/Rečane,"Shkolla Fillore ""Meto Bajraktari""","Osnovna Škola ""Meto Bajraktari""",,
37,20,Prizren/Prizren,2035a,Lubinje e Epërme/Gornje Ljubinje,"Shkolla Fillore ""Izvor""","Osnovna Škola ""Izvor""",,
38,20,Prizren/Prizren,2036a,Lubinje e Poshtme/Donje Ljubinje,"Shkolla Fillore ""25 Maj""","Osnovna Škola ""25 Maj""",,
39,20,Prizren/Prizren,2037a,Manastiricë/Manastirica,"Shkolla Fillore ""Svjetlost""","Osnovna Škola ""Svjetlost""",,
40,20,Prizren/Prizren,2038a,Skorobishtë/Skorobište,"Shkolla Fillore ""Nefit Jusufi""","Osnovna Škola ""Nefit Jusufi""",,
41,20,Prizren/Prizren,2039a,Hatmaxhë/Atmada,"Shkolla Fillore ""Luigj Gurakuqi""","Osnovna skola""Luigj Gurakuqi""",,
42,20,Prizren/Prizren,2040a,Gërnçar/Grnčare,"Shkolla Fillore ""Ekrem Rexha""","Osnovna Škola ""Ekrem Rexha""",,
43,20,Prizren/Prizren,2041a,Billushë/Biluša - Prizren,"Shkolla Fillore ""Dëshmorët e Vërrinit""","Osnovna Škola ""Dëshmorët e Vërrinit""",,
44,20,Prizren/Prizren,2042a,24 May - Prizren,"Shkolla e Mesme ""11 Marsi""","Srednja Škola ""11 Marsi""",,
45,20,Prizren/Prizren,2043a,Kabash Has/Kabas Has,"Shkolla Fillore ""Hysni Temaj""","Osnovna skola ""Hysni Temaj""",,
46,20,Prizren/Prizren,2044a,Lokvicë/Lokvica,"Shkolla Fillore ""Meto Bajraktari""","Osnovna skola"" Meto Bajraktari""",,
47,20,Prizren/Prizren,2045a,Vermicë/Verbnica,"Shkolla Fillore ""Heronjtë e Lumes""","Osnovna skola""Heronjtë e Lumes""",,
48,20,Prizren/Prizren,2048a,Petrovë/Petrovo Selo,"Shkolla Fillore ""Lekë Dukagjini""","Osnovna skola ""Lekë Dukagjini""",,
49,20,Prizren/Prizren,2049a,Krajk/Krajk,"Shkolla Fillore ""Mithat Frashëri""","Osnovna Škola ""Mithat Frashëri""",,
50,20,Prizren/Prizren,2050a,Kushnin/Kušnin,"Shkolla Fillore ""Hysni Temaj""","Osnovna Škola ""Hysni Temaj""",,
51,20,Prizren/Prizren,2051a,Novosellë/Novo Selo,"Shkolla Fillore ""Ekrem Rexha""","Osnovna Škola ""Ekrem Rexha""",,
52,20,Prizren/Prizren,2054a,Shkozë/Shkoza,"Shkolla Fillore ""Heronjte e Lumës""","Osnovna Škola ""Heronjte e Lumës""",,
53,20,Prizren/Prizren,2055a,Prizren/Prizren-Jeta e Re,"Shkolla Fillore "" Haziz Tola""","Osnovna Škola "" Haziz Tola""",,
54,20,Prizren/Prizren,2056a,Krushë e Vogël/Mala Krusha,"Shkolla Fillore ""Bajram Curri""","Osnovna Škola ""Bajram Curri""",,
55,20,Prizren/Prizren,2057a,Planeja/Planeja,"Shkolla Fillore "" Vëllezerit Frasheri""","Osnovna Škola "" Vëllezerit Frasheri""",,
56,20,Prizren/Prizren,2058a,Mazreku/Mazrek,"Shkolla Fillore ""Pjeter Mazreku""","Osnovna Škola ""Pjeter Mazreku""",,
57,20,Prizren/Prizren,2059a,Poslishta/Posliste,"Shkolla Fillore ""Hasim Maliqaj""","Osnovna Škola ""Hasim Maliqaj""",,
58,20,Prizren/Prizren,2060a,Struzha/Struzje,"Shkolla Fillore Anif Muji""","Osnovna Škola Anif Muji""",,
59,20,Prizren/Prizren,2061a,Prizren/Prizren-Dardania,"Shkolla Fillore ""Nazim Kokollari""","Osnovna Škola ""Nazim Kokollari""",,
60,20,Prizren/Prizren,2062a,Prizren/Prizren-Bajram Curri,"Shkolla Fillore ""Fatmir Berisha""","Osnovna Škola ""Fatmir Berisha""",,
61,20,Prizren/Prizren,2063a,Srecke/Sredska,Shtëpia e Gjuetarëve,Lovaćka Kuća,,
62,20,Prizren/Prizren,2064a,Novak/Novake,Shkolla Fillore-Novak,Osnovna Škola-Novak,,
63,20,Prizren/Prizren,2065a,Medvec/Medvece,"Shkolla Fillore ""Brigada 125""","Osnovna Škola ""Brigada 125""",,
64,20,Prizren/Prizren,2066a,Jabllanice/Jablanica,"Shkolla Fillore ""Sharr""","Osnovna Škola ""Sharr""",,
65,20,Prizren/Prizren,2067a,Nebregoshte/Nepergoshti,"Shkolla Fillore ""Svjetlost""","Osnovna Škola ""Svjetlost""",,
66,20,Prizren/Prizren,2068a,Pllanjan/Planjane,"Shkolla Fillore ""Pllanjane""","Osnovna Škola ""Pllanjane""",,
67,20,Prizren/Prizren,2069a,Dedaj/Dedaj,"Shkolla Fillore ""Dedaj""","Osnovna Škola ""Dedaj""",,
1,21,Skenderaj/Srbica,2101b,Skenderaj/Srbica,"Shkolla e Mesme Teknike ""Anton Çetta""","Tehnićka Srednja Škola ""Anton Çetta""",,
2,21,Skenderaj/Srbica,2101x,Skenderaj/Srbica,"Gjinazi ""Hamez Jashari""","Gimnazija ""Hamez Jashari""",,
3,21,Skenderaj/Srbica,2102b,Çubrel/Čubrelj,"Shkolla ""Vëllezërit Frashëri""","Škola ""Vëllezërit Frashëri""",,
4,21,Skenderaj/Srbica,2103b,Likofc/Likovac,"Shkolla ""F.Rama""","Škola ""F.Rama""",,
5,21,Skenderaj/Srbica,2104b,Aqarevë/Ovćarevo,"Shkolla ""Ismet Rrahmani""","Škola ""Ismet Rrahmani""",,
6,21,Skenderaj/Srbica,2105b,Prekaz i Epërm/Gornje Prekaze,"Shkolla ""Azem Bejta""","Škola ""Azem Bejta""",,
7,21,Skenderaj/Srbica,2106b,Klinë e Epërme/Gornja Klina,"Shkolla ""Idriz Berani""","Škola ""Idriz Berani""",,
8,21,Skenderaj/Srbica,2107b,Polac i Ri/Novo Poljance,"Shkolla ""Drenica""","Škola ""Drenica""",,
9,21,Skenderaj/Srbica,2108b,Qirez/Čirez,"Shkolla ""Dëshmoret e Qiqavices""","Škola ""Dëshmoret e Qiqavices""",,
10,21,Skenderaj/Srbica,2109b,Krasaliq/Krasalić,"Shkolla ""Pavarësija""","Škola ""Pavarësija""",,
11,21,Skenderaj/Srbica,2110b,Vojnik/Vocnjak,"Shkolla ""Skender Skenderi""","Škola ""Skender Skenderi""",,
12,21,Skenderaj/Srbica,2111b,Banjë/Banja,"Shkolla Fillore """,Osnovna Škola,,
13,21,Skenderaj/Srbica,2112b,Kladernicë/Kladernica,"Shkolla ""Migjeni""","Škola ""Migjeni""",,
14,21,Skenderaj/Srbica,2113b,Leqinë/Leoćina,"Shkolla ""Ali Kelmendi""","Škola ""Ali Kelmendi""",,
15,21,Skenderaj/Srbica,2114b,Runik/Rudnik,"Shkolla ""Shote Galica""","Škola ""Shote Galica""",,
16,21,Skenderaj/Srbica,2115b,Llaushë/Lauša,"Shkolla Fillore ""Halit Geci""","Osnovna Škola ""Halit Geci""",,
17,21,Skenderaj/Srbica,2116b,Rezallë/Rezale,"Shkolla ""Malush Ahmeti""","Škola ""Malush Ahmeti""",,
18,21,Skenderaj/Srbica,2117b,Turiçevc/Turičevac,"Shkolla ""Abedin Rexha""","Škola ""Abedin Rexha""",,
19,21,Skenderaj/Srbica,2119b,Suhogerrle/Surigane,"Shkolla Fillore ""Legjoni Spanjoll""","Osnovna Škola ""Legjoni Spanjoll""",,
20,21,Skenderaj/Srbica,2120b,Suhogerrle/Surigane,"Shkolla Fillore ""Shote Galica""","Osnovna Škola ""Shote Galica""",,
21,21,Skenderaj/Srbica,2121b,Abri e Poshtme/Donja Obrinje,"Shkolla Fillore ""Kuvendi I Drenices""","Osnovna Škola ""Kuvendi I Drenices""",,
22,21,Skenderaj/Srbica,2122b,Makermal/Makrmalj,"Shkolla Fillore ""Elena Gjika""","Osnovna Škola ""Elena Gjika""",,
23,21,Skenderaj/Srbica,2123b,Izbice/Izbica,"Shkolla Fillore ""Skender Skenderi""","Osnovna Škola ""Skender Skenderi""",,
24,21,Skenderaj/Srbica,2124b,Kopilic I Poshtem/Donji Obilic,"Shkolla Fillore ""Abedin Rexha""","Osnovna Škola ""Abedin Rexha""",,
25,21,Skenderaj/Srbica,2125b,Buroje/Brocna,"Shkolla Fillore ""Abedin Rexha""","Osnovna Škola ""Abedin Rexha""",,
26,21,Skenderaj/Srbica,2126b,Kotorr/Kotore,"Shkolla Fillore ""Vellezerit Frasheri""","Osnovna Škola ""Vellezerit Frasheri""",,
27,21,Skenderaj/Srbica,2127b,Ternac/Ternafce,"Shkolla Fillore "" Idriz Berani ""","Osnovna Škola "" Idriz Berani """,,
28,21,Skenderaj/Srbica,2128b,Tushilje/Tushilla,"Shkolla Fillore ""Halit Geci""","Osnovna Škola ""Halit Geci""",,
29,21,Skenderaj/Srbica,2129b,Rakinice/Rakitnica,"Shkolla Fillore ""Halit Geci""","Osnovna Škola ""Halit Geci""",,
30,21,Skenderaj/Srbica,2130b,Prekaz I Ulte/Donji Prekaz,"Shkolla Fillore ""Azem Bejta""","Osnovna Škola ""Azem Bejta""",,
31,21,Skenderaj/Srbica,2131b,Lubavec/Ljubovac,"Shkolla Fillore ""Enver Haliti""","Osnovna Škola ""Enver Haliti""",,
32,21,Skenderaj/Srbica,2132b,Baksi/Baks,"Shkolla Fillore ""Pavarësija""","Osnovna Škola ""Pavarësija""",,
1,22,Shtime/Štimlje,2201e,Shtime/Štimlje,"Shkolla e Mesme ""Naim Frashëri""","Srednja Škola ""Naim Frashëri""",,
2,22,Shtime/Štimlje,2201x,Shtime/Štimlje,"Shkolla ""Emin Duraku""","Škola ""Emin Duraku""",,
3,22,Shtime/Štimlje,2202e,Petrovë/Petrovo,"Shkolla Fillore ""Bajram Curri""","Osnovna Škola ""Bajram Curri""",,
4,22,Shtime/Štimlje,2203e,Reçak/Račak,"Shkolla Fillore ""Skenderbeu""","Osnovna Škola ""Skenderbeu""",,
5,22,Shtime/Štimlje,2204e,Muzeqine/Mužičane,"Shkolla Fillore ""Lasgush Poradeci""","Osnovna Škola ""Lasgush Poradeci""",,
6,22,Shtime/Štimlje,2206e,Godanc i Poshtëm/Donje Godance,"Shkolla Fillore ""Hasan Prishtina""","Osnovna Škola ""Hasan Prishtina""",,
7,22,Shtime/Štimlje,2207e,Caralevë/Crnoljevo,"Shkolla Fillore ""Abdullah Shabani""","Osnovna Škola ""Abdullah Shabani""",,
8,22,Shtime/Štimlje,2209e,Pjetërshticë/Petraštica,Shkolla Fillore ''Idriz Ajeti'',Osnovna Škola ''Idriz Ajeti'',,
9,22,Shtime/Štimlje,2210e,Topille/Topilla,"Shkolla Fillore ""Bajram Curri""","Osnovna Škola ""Bajram Curri""",,
10,22,Shtime/Štimlje,2211e,Karaqice/Karacica,"Shkolla Fillore ""Idriz Ajeti""","Osnovna Škola ""Idriz Ajeti""",,
11,22,Shtime/Štimlje,2212e,Zborc,"Shkolla Fillore ""Avdullah Shabani""","Osnovna skola ""Avdullah Shabani""",,
1,23,Štrpce/Shtërpcë,2301d,Drajkovc/Drajkovce,Qendra e re kulturore,Novi dom kulture,,
2,23,Štrpce/Shtërpcë,2302d,Biti e Poshtmë/Donja Bitinja,"Shkolla Fillore ""Staja Marković""","Osnovna Škola ""Staja Marković""",,
3,23,Štrpce/Shtërpcë,2303d,Shtërpcë/Štrpce,"Shkolla Fillore ""Staja Marković""","Osnovna Škola ""Staja Marković""",,
4,23,Štrpce/Shtërpcë,2304d,Sevce/Sevce,"Shkolla Fillore ""Šarski Odred""","Osnovna Škola ""Šarski Odred""",,
5,23,Štrpce/Shtërpcë,2305d,Firajë/Firaja,"Shkolla Fillore ""Osman Mani""","Osnovna Škola ""Osman Mani""",,
6,23,Štrpce/Shtërpcë,2306d,Jazhincë/Jažince,"Shkolla Fillore ""Šarski odred""","Osnovna Škola ""Šarski odred""",,
7,23,Štrpce/Shtërpcë,2308d,Gotovusha/Gotovuša,"Shkolla Fillore ""Rajko Urošević""","Osnovna Škola ""Rajko Urošević""",,
8,23,Štrpce/Shtërpcë,2309d,Brod/Brod,"Shkolla Fillore ""Rasim Cokli""","Osnovna Škola ""Rasim Cokli""",,
9,23,Štrpce/Shtërpcë,2310d,Vrbeshtice/Vrbeštica,"Shkolla Fillore ""Šarski odred""","Osnovna Škola ""Šarski odred""",,
1,24,Suharekë/Suva Reka,2401a,Suharekë/Suva Reka,"Gjimnazi ""Jeta e Re""","Gimnazia ""Jeta e Re""",,
2,24,Suharekë/Suva Reka,2402a,Sallagrazhdë/Selogražde,"Shkolla ""Gjergj Kastrioti""","Škola ""Gjergj Kastrioti""",,
3,24,Suharekë/Suva Reka,2403a,Mushtisht/Mušutište,"Shkolla ""Edit Durham""","Škola ""Edit Durham""",,
4,24,Suharekë/Suva Reka,2404a,Savrovë/Savrovo,"Shkolla Fillore ""Iliria""","Osnovna Škola ""Iliria""",,
5,24,Suharekë/Suva Reka,2405a,Grejkoc/Grejkovce,"Shkolla Fillore ""Dëshmorët e Greikocit""","Osnovna Škola ""Dëshmorët e Greikocit""",,
6,24,Suharekë/Suva Reka,2406a,Gelancë/Geljance,"Shkolla ""Drita""","Škola ""Drita""",,
7,24,Suharekë/Suva Reka,2407a,Gjinoc/Djinovce,"Shkolla ""Migjeni""","Škola ""Migjeni""",,
8,24,Suharekë/Suva Reka,2408a,Suharekë/Suva Reka,"Shkolla Teknike ""Skënder Luarasi""","Tehnićka Škola ""Skënder Luarasi""",,
9,24,Suharekë/Suva Reka,2409a,Vraniç/Vranić,"Shkolla ""Dëshmorët e Kombit""","Škola ""Dëshmorët e Kombit""",,
10,24,Suharekë/Suva Reka,2410a,Reçan/Rečane,"Shkolla ""Shkëndija""","Škola ""Shkëndija""",,
11,24,Suharekë/Suva Reka,2411a,Mohlan/Movljane,"Shkolla ""Naum Veqilharxhi""","Škola ""Naum Veqilharxhi""",,
12,24,Suharekë/Suva Reka,2412a,Budakovë/Budakovo,"Shkolla ""Lidhja e Prizrenit""","Škola ""Lidhja e Prizrenit""",,
13,24,Suharekë/Suva Reka,2413a,Sopijë/Sopina,"Shkolla ""11 Marsi""","Škola ""11 Marsi""",,
14,24,Suharekë/Suva Reka,2414a,Leshan/Lešane,"Shkolla ""V.P. Shkodrani""","Škola ""V.P. Shkodrani""",,
15,24,Suharekë/Suva Reka,2415a,Reshtan/Reštane,"Shkolla ""Flamuri i Arbërit""","Škola ""Flamuri i Arbërit""",,
16,24,Suharekë/Suva Reka,2416a,Nepërbishtë/Neprebište,"Shkolla ""Rilindja""","Škola ""Rilindja""",,
17,24,Suharekë/Suva Reka,2417a,Studençan/Studenčane,"Shkolla ""Kongresi i Manastirit""","Škola ""Kongresi i Manastirit""",,
18,24,Suharekë/Suva Reka,2418a,Samadrazhë/Samodreža,"Shkolla ""Dituria""","Škola ""Dituria""",,
19,24,Suharekë/Suva Reka,2419a,Dobërdolan/Dobrodeljane,"Shkolla ""28 Nëntori""","Škola ""28 Nëntori""",,
20,24,Suharekë/Suva Reka,2420a,Nishor/Nišor,"Shkolla ""Bajram Curri""","Škola ""Bajram Curri""",,
21,24,Suharekë/Suva Reka,2421a,Semetishtë/Semetište,"Shkolla ""Hasan Prishtina""","Škola ""Hasan Prishtina""",,
22,24,Suharekë/Suva Reka,2422a,Peqan/Pećane,"Shkolla ""Dëshmorët e Tivarit""","Škola ""Dëshmorët e Tivarit""",,
23,24,Suharekë/Suva Reka,2423a,Sllapuzhan/Slapužane,"Shkolla ""Dëshmorët e Tivarit""","Škola ""Dëshmorët e Tivarit""",,
24,24,Suharekë/Suva Reka,2424a,Duhël/Dulje,"Shkolla ""Sadri Dula""","Škola ""Sadri Dula""",,
25,24,Suharekë/Suva Reka,2425a,Grejqefc/Grejčevce,"Shkolla ""Sadri Dula""","Škola ""Sadri Dula""",,
26,24,Suharekë/Suva Reka,2426a,Bllacë/Blace,"Shkolla ""Ramë Bllaca""","Škola ""Ramë Bllaca""",,
27,24,Suharekë/Suva Reka,2427a,Javori/javor,"Shkolla ""Ismet Jashari - Kumanova""","Škola ""Ismet Jashari - Kumanova""",,
28,24,Suharekë/Suva Reka,2428a,Maçitevë/Mačitevo,"Shkolla ""Besim Ndrecaj""","Škola ""Besim Ndrecaj""",,
29,24,Suharekë/Suva Reka,2429a,Krushicë e Epërme.Gornje Krusica,"Shkolla Fillore ""Naum Veqilharxhi""","Osnovna skola""Naum Veqihaxhi""",,
30,24,Suharekë/Suva Reka,2430a,Bukosh/Bukoš,"Shkolla Fillore ""Vëllezërit Frashëri""","Osnovna Škola ""Vëllezërit Frashëri""",,
31,24,Suharekë/Suva Reka,2431a,Termi/Trnje,"Shkolla Fillore ""Vaso Pashë Shkodrani""","Osnovna Škola ""Vaso Pashë Shkodrani""",,
32,24,Suharekë/Suva Reka,2432a,Shirokë/Siroko,"Shkolla Fillore ""17 Shkurti""","Osnovna skola ""17 Shkurti""",,
1,25,Ferizaj/Uroševac,2501d,Ferizaj/Uroševac,"Shkolla ""Tefik Çanga""","Škola ""Tefik Çanga""",,
2,25,Ferizaj/Uroševac,2501x,Ferizaj/Uroševac,"Shkolla e muzikes ""Çesk Zadea""","Škola ""Çesk Zadea""",,
3,25,Ferizaj/Uroševac,2501y,Ferizaj/Uroševac,"Shkolla Fillore ""Ahmet Hoxha""","Osnovna Škola ""Ahmet Hoxha""",,
4,25,Ferizaj/Uroševac,2502d,Ferizaj/Uroševac,"Shkolla e Mesme (ish Gjimnazi) ""Kuvendi i Arbërit""","Srednja Škola (bivša Gimnazija) ""Kuvendi i Arbërit""",,
5,25,Ferizaj/Uroševac,2502x,Ferizaj/Uroševac,"Shkolla ""Gjon Serreçi""","Škola ""Gjon Serreçi""",,
6,25,Ferizaj/Uroševac,2503d,Ferizaj/Uroševac,"Shkolla e Mesme ""Faik Konica""","Srednja Škola ""Faik Konica""",,
7,25,Ferizaj/Uroševac,2503x,Ferizaj/Uroševac,"Shkolla Fillore ""Jeronim De Rada""","Osnovna Škola ""Jeronim De Rada""",,
8,25,Ferizaj/Uroševac,2504d,Ferizaj/Uroševac,"Sh.M.Bujqesore""Zenel Hajdini""","S-Š Poljoprivrede ""Zenel Hajdini""",,
9,25,Ferizaj/Uroševac,2505d,Nerodime e Epërme/Gornje Nerodimlje,"Shkolla Fillore ""Konstantin Kristoforidhi""","Osnovna Škola ""Konstantin Kristoforidhi""",,
10,25,Ferizaj/Uroševac,2506d,Pleshinë/Donja Plešina,"Shkolla Fillore ""Pesë Dëshmoret e UÇK""","Osnovna Škola ""Pesë Dëshmoret e UÇK""",,
11,25,Ferizaj/Uroševac,2507d,Greme/Grebno,"Shkolla Fillore ""Jeta e Re""","Osnovna Škola ""Jeta e Re""",,
12,25,Ferizaj/Uroševac,2508d,Gaçkë/Gatnje,"Shkolla Fillore ""Imri Halili""","Osnovna Škola ""Imri Halili""",,
13,25,Ferizaj/Uroševac,2509d,Varosh/Varoš Selo,"Shkolla Fillore ""Visar Dodani""","Osnovna Škola ""Visar Dodani""",,
14,25,Ferizaj/Uroševac,2510d,Komogllavë/Kamena Glava,"Shkolla Fillore ""Besim Rexhepi""","Osnovna Škola ""Besim Rexhepi""",,
15,25,Ferizaj/Uroševac,2511d,Sojevë/Sojevo,"Shkolla Fillore ""Ramadan Rexhepi""","Osnovna Škola ""Ramadan Rexhepi""",,
16,25,Ferizaj/Uroševac,2512d,Tankosiq/Tankosić,"Shkolla Fillore ""Dituria""","Osnovna Škola ""Dituria""",,
17,25,Ferizaj/Uroševac,2513d,Talinoc i Muhaxherëve/Muhadzer Talinovac,"Shkolla Fillore ""Dy Dëshmorët""","Osnovna Škola ""Dy Dëshmorët""",,
18,25,Ferizaj/Uroševac,2514d,Rahovicë/Rahovica,"Shkolla Fillore ""Kemail Hetemi""","Osnovna Škola ""Kemail Hetemi""",,
19,25,Ferizaj/Uroševac,2515d,Koshare/Košare,"Shkolla Fillore ""Dëshmoret e Koshares""","Osnovna Škola ""Dëshmoret e Koshares""",,
20,25,Ferizaj/Uroševac,2516d,Mirash/Miraš,"Shkolla Fillore ""Ali Hadri""","Osnovna Škola ""Ali Hadri""",,
21,25,Ferizaj/Uroševac,2523d,Lloshkobaja/Lasko bare,"Shkolla Fillore""Billal Shala""","Osnovna Škola""Billal Shala """,,
22,25,Ferizaj/Uroševac,2524d,Surqine/Svrcina,"Shkolla Fillore ""Liman Rekaj""","Osnovna Škola ""Liman Rekaj""",,
23,25,Ferizaj/Uroševac,2525d,Zaskoku/Zaskok,"Shkolla Fillore ""Naim Frasheri""","Osnovna Škola ""Naim Frasheri""",,
24,25,Ferizaj/Uroševac,2526d,Softaj/Softovic,"Shkolla Fillore ""Abetarja""","Osnovna Škola ""Abetarja""",,
25,25,Ferizaj/Uroševac,2527d,Jezerc/Jezerce,"Shkolla Fillore ""Skenderbeu""","Osnovna Škola ""Skenderbeu""",,
26,25,Ferizaj/Uroševac,2528d,Fshati i Vjetër/Staro Selo,"Shkolla Fillore ""Muharrem Shemsedini""","Osnovna skola "" Muharrem Shemsedini""",,
27,25,Ferizaj/Uroševac,2529d,Mirosalë/Mirosavlje,"Shkolla Fillore ""Mejdi Xhaferi""","Osnovna skola""Mejdi Xhaferi""",,
28,25,Ferizaj/Uroševac,2530d,Rakaj/Raka,"Shkolla Fillore ""Dardania""","Osnovna skola ""Dardania""",,
29,25,Ferizaj/Uroševac,2531d,Cernillë/Crnilo,"Shkolla Fillore ""Halit Ibishi""","Osnovna skola ""Halit Ibishi""",,
30,25,Ferizaj/Uroševac,2532d,Ternë/Trn,"Shkolla e ""Pa Emeruar""","Skolla 'Bey imena""",,
31,25,Ferizaj/Uroševac,2533d,Prelez i Jerlive/Jerli Prelez,"Shkolla Fillore ""Ismail Qemaili""","Osnovna skola ""Ismail Qemaili""",,
32,25,Ferizaj/Uroševac,2534d,Zllatar/Zlatare,"Shkolla Fillore ""4 Prilli ""","Osnovna skola ""4 Prilli""",,
1,26,Viti/Vitina,2601d,Viti/Vitina,"Shkolla e Mesme ""Kuvendi i Lezhës""","Srednja Škola ""Kuvendi i Lezhës""",,
2,26,Viti/Vitina,2601x,Viti/Vitina,"Shkolla e Mesme ""Januz Zejnullahu""","Srednja Škola ""Januz Zejnullahu""",,
3,26,Viti/Vitina,2602d,Debelldeh/Debelde,"Shkolla Fillore ""Ndre Mjeda""","Osnovna Škola ""Ndre Mjeda""",,
4,26,Viti/Vitina,2603d,Stubëll e Epërme/Gornja Stubla,"Shkolla Fillore ""Dom Mikel Tarabulluzi""","Osnovna Škola ""Dom Mikel Tarabulluzi""",,
5,26,Viti/Vitina,2604d,Beguncë/Begunce,"Shkolla Fillore ""Ahmet Hajdari""","Osnovna Škola ""Ahmet Hajdari""",,
6,26,Viti/Vitina,2605d,Pozharan/Požaranje,"Shkolla Fillore ""Halil Alidema""","Osnovna Škola ""Halil Alidema""",,
7,26,Viti/Vitina,2606d,Zhiti/Žitinje,"Shkolla Fillore ""Safet Rexhepi""","Osnovna Škola ""Safet Rexhepi""",,
8,26,Viti/Vitina,2607d,Sllatinë e Epërme/Gornja Slatina,"Shkolla Fillore ""Nijazi Rexhepi""","Osnovna Škola ""Nijazi Rexhepi""",,
9,26,Viti/Vitina,2608d,Radivojc/Radivojce,"Shkolla Fillore ""Nazmi Pajaziti""","Osnovna Škola ""Nazmi Pajaziti""",,
10,26,Viti/Vitina,2609d,Gjylekare/Đelekare,"Shkolla Fillore ""Kenan Halimi""","Osnovna Škola ""Kenan Halimi""",,
11,26,Viti/Vitina,2610d,Remnik/Ribnik,"Shkolla Fillore ""Hasan Alia""","Osnovna Škola ""Hasan Alia""",,
12,26,Viti/Vitina,2611d,Vërban/Vrban,"Shkolla Fillore ""28 Nëntori""","Osnovna Škola ""28 Nëntori""",,
13,26,Viti/Vitina,2616d,Viti/Vitina Town,"Shkolla Fillore ""Bafti Haxhiu""","Osnovna Škola ""Bafti Haxhiu""",,
14,26,Viti/Vitina,2617d,Smirë/Smira,"Shkolla Fillore "" Deshmoret e 5 Prillit""","Osnovna Škola "" Deshmoret e 5 Prillit""",,
15,26,Viti/Vitina,2620d,Terpezë/Terpeza,"Shkolla Fillore ""Hysen Tërpeza""","Osnovna Škola ""Hysen Tërpeza""",,
16,26,Viti/Vitina,2621d,Kabash/Kabaš,"Shkolla Fillore ""Ndre Mjeda""","Osnovna Škola ""Ndre Mjeda""",,
17,26,Viti/Vitina,2622d,Binçë/Binač,"Shkolla Fillore ""Ndre Mjeda""","Osnovna Škola ""Mladen Markovic""",,
18,26,Viti/Vitina,2623d,Lubishte/Ljubiste,"Shkolla Fillore ""Vellezerit Gervalla""","Osnovna Škola ""Vellezerit Gervalla""",,
19,26,Viti/Vitina,2625d,TerstenikTrstenik,"Shkolla Fillore ""Njazi Rexhepi""","Osnovna Škola ""Njazi Rexhepi""",,
20,26,Viti/Vitina,2626d,Ramjan/Ramjane,"Shkolla Fillore ""Skender Emerllahu""","Osnovna Škola ""Skender Emerllahu""",,
21,26,Viti/Vitina,2627d,Sadovine e Jerlive/Jerli Sadovina,"Shkolla Fillore "" 28 Nëntori""","Osnovna Škola "" 28 Nëntori""",,
22,26,Viti/Vitina,2628d,Budrike e Eperme/Gornja Budrika,"Shkolla Fillore ""Nazmi Pajaziti""","Osnovna Škola ""Nazmi Pajaziti""",,
23,26,Viti/Vitina,2629d,Sllatine e Poshtme/Donja Slatina,"Shkolla Fillore ""Njazi Rexhepi""","Osnovna Škola ""Njazi Rexhepi""",,
24,26,Viti/Vitina,2630d,Drobeshi/Drobes,"Shkolla Fillore ""Dëshmoret e Vitisë""","Osnovna Škola ""Dëshmoret e Vitisë""",,
25,26,Viti/Vitina,2631d,Gushice/Gusica,"Shkolla Fillore ""Mirali Sejdiu""","Osnovna Škola ""Mirali Sejdiu""",,
26,26,Viti/Vitina,2632d,Germove/Grmovo,"Shkolla Fillore ""Mirali Sejdiu""","Osnovna Škola ""Mirali Sejdiu""",,
27,26,Viti/Vitina,2633d,Sadovinë e Çerkezëve/Čerkez Sadovina,"Shkolla Fillore ""Nijazi Rexhepi""","Osnovna skola ""Nijazi Rexhepi""",,
1,27,Vushtrri/Vučitrn,2701b,Vushtrri/Vučitrn,"Shkolla ""Lutfi Musiqi""","Škola ""Lutfi Musiqi""",,
2,27,Vushtrri/Vučitrn,2702b,Vushtrri/Vučitrn,"Shkolla SH.M.U 1""","Škola ""SH.M.U !""",,
3,27,Vushtrri/Vučitrn,2702x,Vushtrri/Vučitrn,"Shkolla ""Naim Frashëri""","Škola ""Naim Frashëri""",,
4,27,Vushtrri/Vučitrn,2703b,Dubofc/Dubovac,"Shkolla ""Azem Bejta""","Škola ""Azem Bejta""",,
5,27,Vushtrri/Vučitrn,2704b,Vushtrri/Vučitrn (S-1),"Shkolla SH.M.U 2""","Škola ""SH.M.U 2""",,
6,27,Vushtrri/Vučitrn,2705b,Skromë/Skrovna,"Shkolla ""Rrustem Hyseni""","Škola ""Rrustem Hyseni""",,
7,27,Vushtrri/Vučitrn,2706b,Druar/Drvare,"Shkolla ""Abdyl Frashëri""","Škola ""Abdyl Frashëri""",,
8,27,Vushtrri/Vučitrn,2707b,Dumnicë e Epërme/Gornja Dumnica,"Shkolla ""Bajram Curri""","Škola ""Bajram Curri""",,
9,27,Vushtrri/Vučitrn,2708b,Nedakofc/Nedakovac,"Shkolla Fillore ""Nedakofc""","Škola ""Nedeakofc""",,
10,27,Vushtrri/Vučitrn,2709b,Novolan/Nevoljane,"Shkolla ""Emin Duraku""","Škola ""Emin Duraku""",,
11,27,Vushtrri/Vučitrn,2710b,Stanofc i Epërm/Gornje Stanovce,"Shkolla ""Migjeni""","Škola ""Migjeni""",,
12,27,Vushtrri/Vučitrn,2711b,Pantinë/Pantina,"Shkolla ""Gj. K. Skenderbeu""","Škola ""Gj. K. Skenderbeu""",,
13,27,Vushtrri/Vučitrn,2712b,Samadrexhë/Samodreza,"Shkolla ""Lumni Surdulli""","Škola ""Lumni Surdulli""",,
14,27,Vushtrri/Vučitrn,2713b,Smrekovnicë/Smrekovnica,"Shkolla ""Enver Hadri""","Škola ""Enver Hadri""",,
15,27,Vushtrri/Vučitrn,2714b,Maxhunaj/Novo Selo Madjunsko,"Shkolla ""Rilindja""","Škola ""Rilindja""",,
16,27,Vushtrri/Vučitrn,2715b,Gojbulë/Gojbulja,"Shkolla ""21 Novembar""","Škola ""21 Novembar""",,
17,27,Vushtrri/Vučitrn,2716b,Prelluzhë/Prilužje,"Shkolla ""Vuk Karadžić""","Škola ""Vuk Karadžić""",,
18,27,Vushtrri/Vučitrn,2717b,Strofc/Strovce,"Shkolla ""Liria""","Škola ""Liria""",,
19,27,Vushtrri/Vučitrn,2719b,Gracë/Grace,"Shkolla ""Sveti Sava""","Škola ""Sveti Sava""",,
20,27,Vushtrri/Vučitrn,2723b,Ashlan/Aslan,"Shkolla ""Mustafë Shyti""","Škola ""Mustafë Shyti""",,
21,27,Vushtrri/Vučitrn,2724b,Banjskë/Banjska,"Shkolla Fillore ""21 Novembar""","Osnovna Škola ""21 Novembar""",,
22,27,Vushtrri/Vučitrn,2725b,Zhilivode/Zilivoda,"Shkolla Fillore ""Zhilivoda""","Osnovna Škola ""Zhilivoda""",,
23,27,Vushtrri/Vučitrn,2726b,Sllatine/Slatina,"Shkolla Fillore ""Sllatina""","Osnovna Škola ""Mustaf Venhari""",,
24,27,Vushtrri/Vučitrn,2727b,Shtitarice/Stitarica,"Shkolla Fillore ""Bahri Kuqi""","Osnovna Škola ""Bahri Kuqi""",,
25,27,Vushtrri/Vučitrn,2728b,Lumëmadh/Velika Reka,"Shkolla Fillore ""Lumëmadh""","Osnovna skola""Lumëmadh""",,
26,27,Vushtrri/Vučitrn,2729b,Stanofc i Poshëm/Donje Stanovce,"Shkolla Fillore ""Nazmi Zhegrova""","Osnovna skola""Nazmi Zhegrova""",,
1,28,Zubin Potok/Zubin Potok,2802b,Zubin Potok,"Shkolla ""Jovan Cvijić""","Škola ""Jovan Cvijić""",,
2,28,Zubin Potok/Zubin Potok,2803b,Crepulë/Crepulja,"Shkolla Fillore ""Jovan Cvijić""","Osnovna Škola ""Jovan Cvijić""",,
3,28,Zubin Potok/Zubin Potok,2804b,Bubë/Bube,"Shkolla Fillore ""Petar Kocić""","Osnovna Škola ""Petar Kocić""",,
4,28,Zubin Potok/Zubin Potok,2805b,Lluqkarekë/Lučka Reka,"Shkolla Fillore ""Petar Kocić""","Osnovna Škola ""Petar Kocić""",,
5,28,Zubin Potok/Zubin Potok,2806b,Bërnjakë/Brnjak,"Shkolla Fillore ""Petar Kočić""","Osnovna Škola ""Petar Kočić""",,
6,28,Zubin Potok/Zubin Potok,2808b,Zupç/Zupče,"Shkolla Fillore ""Blagoje Radić""","Osnovna Škola ""Blagoje Radić""",,
7,28,Zubin Potok/Zubin Potok,2809b,Çabër/Čabra,"Shkolla Fillore ""Osaman Rama""","Osnovna Škola ""Osaman Rama""",,
8,28,Zubin Potok/Zubin Potok,2810b,Oklac/Oklace,Shtëpia e Shendetit,Dom Zdravlje,,
9,28,Zubin Potok/Zubin Potok,2813b,Velje Breg/Velji Breg,"Shkolla Fillore ""Jovan Cvijić""","Osnovna Škola ""Jovan Cvijić""",,
,28,Zubin Potok/Zubin Potok,2814b,Ceceva/Cecevo,"Shkolla Fillore ""Jovan Cvijić""","Osnovna Škola ""Jovan Cvijić""","Votuesit e këtyre 3 QV(2814b, 2815b,2816b) me rekomandim te KKZ-sW, Votimi do te behet në QV 2802b","Birači ovih 3 BC ( 2814b, 2815b, 2816b) na predlog OIK-a, glasanje će se zbaviti u BC 2802b"
,28,Zubin Potok/Zubin Potok,2815b,Ugljar/Ugljare,"Shkolla Fillore ""Jovan Cvijić""","Osnovna Škola ""Jovan Cvijić""",,
,28,Zubin Potok/Zubin Potok,2816b,Donji Jesenovik/ Jasenoviku i poshtem,"Shkolla Fillore ""Jovan Cvijić""","Osnovna Škola ""Jovan Cvijić""",,
1,29,Zvečan/Zveçan,2901b,Zvečan/Zveçan,"Shkolla Fillore ""Vuk Karadžić""","Osnovna Škola ""Vuk Karadžić""",,
2,29,Zvečan/Zveçan,2910b,Zhazha/Žaža,"Shkolla Fillore ""Isa Boletini""","Osnovna Škola ""Isa Boletini""",,
3,29,Zvečan/Zveçan,2911b,Lipë,"Shkolla Fillore ""Isa Boletini""","Osnovna Škola ""Isa Boletini""",,
4,29,Zvečan/Zveçan,2912b,Banjskë/Banjska,"Shkolla Fillore ""Banović Strahinja""","Osnovna Škola ""Banović Strahinja""",,
5,29,Zvečan/Zveçan,2913b,Zherovnicë/Zerovnica,"Shkolla Fillore ""Sveti Sava""","Osnovna Škola ""Sveti Sava""",,
,29,Zvečan/Zveçan,2914b,Sërboveci/Srbovac,"Shkolla Fillore ""Vuk Karadžić""","Osnovna Škola ""Vuk Karadžić""","Votuesit e QV-së 2914b me rekomandim te KKZ-së, Votimi do te behet në QV 2915b","Birači BC-a 2914b na predlog OIK-a, Glasanje će se zbaviti u BC 2915b"
7,29,Zvečan/Zveçan,2915b,Graboc/Grabovac,"Shkolla Fillore ""Vuk Karadžić""","Osnovna Škola ""Vuk Karadžić""",,
1,30,Malishevë/Mališevo,3001a,Mleqane/Mlećan,"Shkolla ""Beqir Gashi""","Škola ""Beqir Gashi""",,
2,30,Malishevë/Mališevo,3008a,Llashkadrenoc/Vlaski Drenovac,"Shkolla ""Bajram Curri""","Škola ""Bajram Curri""",,
3,30,Malishevë/Mališevo,3012a,Tërpezë/Trpeza,"Shkolla ""Hasan Prishtina""","Škola ""Hasan Prishtina""",,
4,30,Malishevë/Mališevo,3013a,Panorc/Ponorac,"Shkolla ""Asim Vokshi""","Škola ""Asim Vokshi""",,
5,30,Malishevë/Mališevo,3014a,Fshati i Ri/Novosela,"Shkolla ""Rifat Berisha""","Škola ""Rifat Berisha""",,
6,30,Malishevë/Mališevo,3016a,Malishevë/Mališevo,"Shkolla e Mesme ""Hamdi Berisha""","Škola ""Hamdi Berisha""",,
7,30,Malishevë/Mališevo,3017a,Pagarushë/Pagaruša,"Shkolla ""Vesel Pagarusha""","Škola ""Vesel Pagarusha""",,
8,30,Malishevë/Mališevo,3018a,Astrazub/Ostrozub,"Shkolla ""Ganimete Terbeshi""","Škola ""Ganimete Terbeshi""",,
9,30,Malishevë/Mališevo,3019a,Damanek/Domanek,"Shkolla ""Ramadan Morina""","Škola ""Ramadan Morina""",,
10,30,Malishevë/Mališevo,3020a,Lubizhdë/Ljubižda,"Shkolla ""Migjeni""","Škola ""Migjeni""",,
11,30,Malishevë/Mališevo,3028a,Bellanicë/Belanica,"Shkolla ""Ismail Qemajli""","Škola ""Ismail Qemajli""",,
12,30,Malishevë/Mališevo,3029a,Guncat/Nguncat,"Shkolla ""Dëshmoret e Kombit""","Škola ""Dëshmoret e Kombit""",,
13,30,Malishevë/Mališevo,3030a,Seniku/Senik,"Shkolla ""Gjergj Fishta""","Škola ""Gjergj Fishta""",,
14,30,Malishevë/Mališevo,3031a,Lladroc/Ladrovac,"Shkolla ""Afrim Buqaj""","Škola ""Afrim Buqaj""",,
15,30,Malishevë/Mališevo,3032a,Banjë/Banja,"Shkolla ""Naim Frashëri""","Škola ""Naim Frashëri""",,
16,30,Malishevë/Mališevo,3033a,Shkozë/Milanović,"Shkolla ""Salih Bytyqi""","Škola ""Salih Bytyqi""",,
17,30,Malishevë/Mališevo,3034a,Kievë/Kijevo,"Shkolla Mesme ""Lasgush Poradeci""","Škola ""Lasgush Poradeci""",,
18,30,Malishevë/Mališevo,3035a,Llazica/Lozica,"Shkolla Fillore ""Gjergj Kastrioti""","Osnovna Škola ""Gjergj Kastrioti""",,
19,30,Malishevë/Mališevo,3036a,Carraluka/Crni Lug,"Shkolla Fillore ""Hilmi Hoti""","Osnovna Škola ""Hilmi Hoti""",,
20,30,Malishevë/Mališevo,3037a,Lapceva/Labucevo,"Shkolla Fillore ""Petro Nino Luarasi""","Osnovna Škola ""Petro Nino Luarasi""",,
21,30,Malishevë/Mališevo,3038a,Carravranë,"Shkolla Fillore ""Habib Berisha""","Osnovna Škola ""Habib Berisha""",,
22,30,Malishevë/Mališevo,3039a,Kravasari/Kravoserija,"Shkolla Fillore ""28 Nëntori""","Osnovna Škola ""28 Nëntori""",,
23,30,Malishevë/Mališevo,3040a,Dragobil/Dragobil,"Shkolla Fillore ""Emin Duraku""","Osnovna Škola ""Emin Duraku""",,
24,30,Malishevë/Mališevo,3041a,Temeqine/Tumicina,"Shkolla Fillore ""Ismet Jashari- Kumanova""","Osnovna Škola ""Ismet Jashari- Kumanova""",,
25,30,Malishevë/Mališevo,3042a,Bubavec/Bobovac,"Shkolla Fillore ""Deshmoret e fshatit""","Osnovna Škola ""Deshmoret e fshatit""",,
26,30,Malishevë/Mališevo,3043a,Balinca/Balince,"Shkolla Fillore ""Tafil Kelmendi""","Osnovna Škola ""Tafil Kelmendi""",,
27,30,Malishevë/Mališevo,3044a,Golluboc/Golubovac,"Shkolla Fillore ""Kajtaz Ramadani""","Osnovna Škola ""Kajtaz Ramadani""",,
28,30,Malishevë/Mališevo,3045a,Ladrovici/Ladrovic,"Shkolla Fillore ""Afrim Krasniqi""","Osnovna Škola ""Afrim Krasniqi""",,
29,30,Malishevë/Mališevo,3046a,Turjake/Turjak,"Shkolla Fillore ""Fehmi Agani""","Osnovna Škola ""Fehmi Agani""",,
30,30,Malishevë/Mališevo,3047a,Maraliu/Marali,"Shkolla Fillore ""Ruzhdi Xhyliqi""","Osnovna skola""Ruzhdi Xhyliqi""",,
31,30,Malishevë/Mališevo,3048a,Guriq/Goriq,"Shkolla Fillore ""Nuhi Mazreku""","Osnovna skola "" Nuhi Mazreku""",,
32,30,Malishevë/Mališevo,3049a,Burim/Joviq,"Shkolla Fillore ""18 Prilli""","Osnovna skola""18 Prilli""",,
33,30,Malishevë/Mališevo,3050a,Vermicë/Vermica,"Shkolla Fillore ""Gjergj Kastrioti""","Osnovna skola ""Gjergj Kastrioti""",,
34,30,Malishevë/Mališevo,3051a,Mirushë/Mirusa,"Shkolla Fillore ""Labinot Krasniqi""","Osnovna skola ""Labinot Krasniqi""",,
35,30,Malishevë/Mališevo,3052a,Carrallukë/Crni Lug,"Shkolla Fillore ""Imer Krasniqi""","Osnovna skola"" Imer Krasniqi""",,
1,31,Junik/Junik,3101c,Junik/Junik,"Shkolla Fillore ""Edmond Hoxha""","Osnovna Škol ""Edmond Hoxha""",,
1,32,Mamushe/Mamusha,3201a,Mamushë/Mamuša,"Shkolla Fillore ""Haxhi Ymer Lytfi""","Osnovna Škola ""Haxhi Ymer Lytfi""",,
1,33,Hani i Elezit/ Elez Han,3301d,Hani i Elezit/Elez Han,"Shkolla Fillore ""Ilaz Thaçi""","Osnovna Škola ""Ilaz Thaçi""",,
2,33,Hani i Elezit/ Elez Han,3302d,Palaj/Paldenica,"Shkolla Fillore ""Kështjella e Diturisë""","Osnovna Škola ""Kështjella e Diturisë""",,
3,33,Hani i Elezit/ Elez Han,3303d,Gorancë/Gorance,"Shkolla Fillore ""Veli Ballazhi""","Osnovna Škola ""Veli Ballazhi""",,
4,33,Hani i Elezit/ Elez Han,3304d,Seçishte/Seciste,"Shkolla Fillore ""Ilaz Thaçi""","Osnovna Škola ""Ilaz Thaçi""",,
1,34,Gracanica/Gracanice,3401e,Gracanice/Gracanica,"Shkolla ""Kralj Milutin""","Škola ""Kralj Milutin""",,
2,34,Gracanica/Gracanice,3402e,Llaplaselle/Laplje Selo,"Shkolla ""Miladin Mitić""","Škola ""Miladin Mitić""",,
3,34,Gracanica/Gracanice,3403e,Batushe/Batusa,"Shkolla ""Vuk Karadzic""","Škola ""Vuk Karadzić""",,
4,34,Gracanica/Gracanice,3404e,Uglare/Ugljare,"Shkolla ""Uglare""","Škola ""Ugljare""",,
5,34,Gracanica/Gracanice,3405e,Gushterice e Ulet/Donja Gusterica,"Shkolla ""Knez Lazar""","Škola ""Knez Lazar""",,
6,34,Gracanica/Gracanice,3406e,Lepi/Lepinje,"Shkolla ""Vuk Karadžić""","Škola ""Vuk Karadžić""",,
7,34,Gracanica/Gracanice,3412e,Cagllavice/Cagllavica,"Shtepi Private Pronari ""Ljubomir Stanojević""","Privatna Kuća vlasnik - ""Ljubomir Stanojević""",,
8,34,Gracanica/Gracanice,3413e,Gracanice/Gracanica,"Shkolla Private ""Ranko Zdravkovic""","Privatna Škola ""Zdravkovic Ranko""",,
9,34,Gracanica/Gracanice,3414e,Cagllavice/Cagllavica,"Shkolla Fillore ""Miladin Mitic""","Osnovna Škola ""Miladin Mitić""",,
10,34,Gracanica/Gracanice,3415e,Kishnicë/Kišnica,Shtëpia e Kulturës,Dom Kulture,,
1,35,Ranilluk/Ranillug,3501d,Ropotove e Madhe / Veliko Ropotovo,Shtëpia e Kulturës,Dom Kulture,,
2,35,Ranilluk/Ranillug,3502d,Ranillug/Ranilluk,Shtëpia e Kulturës,Dom Kulture,,
3,35,Ranilluk/Ranillug,3503d,Domoroci/Domorovce,Shtëpia e Kulturës,Dom Kulture,,
4,35,Ranilluk/Ranillug,3504d,Korminjan i Ultë/Donje Korminjane,Shtepia e Kulturës,Dom Kulture,,
1,36,Partes/Partesh,3601d,Budrige e Poshtme/Donja Budrige,"Shkolla Fillore ""Dositej Obradović""","Osnovna Škola ""Dositej Obradović""",,
2,36,Partes/Partesh,3602d,Partesh/Partesh,Shtëpia e Kultures,Dom Kulture,,
3,36,Partes/Partesh,3603d,Pasjan/Pasjane,"Shkolla Fillore ""Miladin Popovic""","Osnovna Škola ""Miladin Popovic""",,
1,37,Kllokot/Klokot,3701d,Kllokot/Kllokot,"Shkolla Fillore ""Sveti Sava""","Osnovna Škola ""Sveti Sava""",,
2,37,Kllokot/Klokot,3702d,Mogille/Mogila,"Shkolla ""Marko Rajković""/""Gjon Sereçi""","Škola ""Marko Rajković""/""Gjon Sereçi""",,
3,37,Kllokot/Klokot,3703d,Verboc/Verbovac,"Shkolla ""Marko Rajković""/""Gjon Sereçi""","Škola ""Marko Rajković""/""Gjon Sereçi""",,
4,37,Kllokot/Klokot,3704d,Mogille/Mogila,"Shkolla Fillore "" Gjon Sereci""","Osnovna Škola "" Gjon Sereci""",,
5,37,Kllokot/Klokot,3705d,Kllokot/Kllokot,Banja Termike e Kllokotit (villa park),Termićka Banja Klokot (villa park),,
1,38,Mitrovica e Veriut / Severna Mitrovica,3801b,Suhadoll i Ultë/Donje Suhadol,"P.N ""Aziz Sylejmani""","P.N.""Sylejmani""",,
2,38,Mitrovica e Veriut / Severna Mitrovica,3802b,Lagja e Boshnjakeve,Zyra Administrative,Administrativna Kancelarija,,
3,38,Mitrovica e Veriut / Severna Mitrovica,3803b,Kodra e Minatorëve,"Shkolla ""Aziz Sylejmani""","Škola ""Aziz Sylejmani""",,
4,38,Mitrovica e Veriut / Severna Mitrovica,3804b,Suhadoll i Epërm/Gornje Suhadol,"Shkolla Fillore ""Sveti Sava"" P.N","Osnovna Škola ""Sveti Sava"" P.N",,
5,38,Mitrovica e Veriut / Severna Mitrovica,3805b,Mitrovica e Veriut / Severna Mitrovica,"Shkolla Fillore ""Sveti Sava""","Osnovna Škola ""Sveti Sava""",,
6,38,Mitrovica e Veriut / Severna Mitrovica,3805x,Mitrovica e Veriut / Severna Mitrovica,Shkolla Teknike,Tehnićka Škola,,
7,38,Mitrovica e Veriut / Severna Mitrovica,3806b,Mitrovica e Veriut / Severna Mitrovica,Shkolla e Mesme e Mjekësisë,Srednja medicinska skola,,
Totali i Qendrave te Votimit 2014/Ukupno Birackih Centara 2014: 798,,,,,,,,